user_id,item_id,correct
0,0,0
0,1,0
0,2,0
0,3,1
0,4,0
0,5,0
0,6,1
0,7,1
0,8,0
0,9,1
0,10,1
0,11,1
0,12,0
0,13,1
0,14,1
0,15,1
0,16,0
0,17,1
0,18,1
0,19,1
1,0,0
1,1,1
1,2,1
1,3,1
1,4,0
1,5,1
1,6,1
1,7,1
1,8,1
1,9,1
1,10,1
1,11,1
1,12,1
1,13,1
1,14,1
1,15,1
1,16,1
1,17,1
1,18,1
1,19,1
2,0,0
2,1,1
2,2,1
2,3,1
2,4,0
2,5,1
2,6,1
2,7,1
2,8,0
2,9,0
2,10,0
2,11,0
2,12,0
2,13,1
2,14,1
2,15,1
2,16,0
2,17,0
2,18,0
2,19,0
3,0,1
3,1,1
3,2,1
3,3,1
3,4,1
3,5,1
3,6,0
3,7,1
3,8,0
3,9,1
3,10,1
3,11,1
3,12,0
3,13,1
3,14,0
3,15,1
3,16,0
3,17,1
3,18,0
3,19,1
4,0,0
4,1,0
4,2,0
4,3,1
4,4,0
4,5,1
4,6,0
4,7,1
4,8,0
4,9,0
4,10,0
4,11,1
4,12,0
4,13,0
4,14,0
4,15,0
4,16,0
4,17,0
4,18,0
4,19,0
5,0,0
5,1,0
5,2,0
5,3,0
5,4,0
5,5,1
5,6,0
5,7,1
5,8,1
5,9,0
5,10,0
5,11,0
5,12,0
5,13,1
5,14,0
5,15,0
5,16,0
5,17,0
5,18,0
5,19,0
6,0,0
6,1,0
6,2,0
6,3,0
6,4,0
6,5,0
6,6,0
6,7,1
6,8,1
6,9,0
6,10,0
6,11,0
6,12,0
6,13,0
6,14,0
6,15,0
6,16,0
6,17,0
6,18,0
6,19,0
7,0,0
7,1,0
7,2,0
7,3,1
7,4,0
7,5,0
7,6,0
7,7,1
7,8,0
7,9,0
7,10,0
7,11,0
7,12,0
7,13,0
7,14,0
7,15,0
7,16,0
7,17,0
7,18,0
7,19,0
8,0,0
8,1,0
8,2,0
8,3,0
8,4,0
8,5,0
8,6,0
8,7,0
8,8,1
8,9,0
8,10,0
8,11,1
8,12,0
8,13,1
8,14,0
8,15,0
8,16,0
8,17,0
8,18,0
8,19,0
9,0,0
9,1,0
9,2,0
9,3,0
9,4,1
9,5,0
9,6,0
9,7,1
9,8,1
9,9,0
9,10,0
9,11,1
9,12,0
9,13,0
9,14,0
9,15,0
9,16,0
9,17,0
9,18,0
9,19,0
10,0,1
10,1,1
10,2,1
10,3,0
10,4,1
10,5,1
10,6,1
10,7,1
10,8,1
10,9,0
10,10,0
10,11,1
10,12,0
10,13,1
10,14,1
10,15,1
10,16,0
10,17,1
10,18,0
10,19,0
11,0,1
11,1,1
11,2,1
11,3,1
11,4,1
11,5,1
11,6,0
11,7,1
11,8,1
11,9,1
11,10,1
11,11,1
11,12,1
11,13,0
11,14,1
11,15,1
11,16,0
11,17,1
11,18,0
11,19,0
12,0,1
12,1,0
12,2,0
12,3,0
12,4,1
12,5,1
12,6,0
12,7,1
12,8,0
12,9,0
12,10,0
12,11,1
12,12,0
12,13,0
12,14,0
12,15,0
12,16,0
12,17,0
12,18,0
12,19,1
13,0,0
13,1,0
13,2,0
13,3,1
13,4,0
13,5,0
13,6,0
13,7,1
13,8,0
13,9,0
13,10,0
13,11,1
13,12,0
13,13,0
13,14,0
13,15,0
13,16,0
13,17,0
13,18,0
13,19,0
14,0,0
14,1,0
14,2,0
14,3,0
14,4,0
14,5,1
14,6,0
14,7,0
14,8,1
14,9,0
14,10,0
14,11,0
14,12,0
14,13,1
14,14,0
14,15,0
14,16,0
14,17,0
14,18,0
14,19,0
15,0,0
15,1,0
15,2,0
15,3,0
15,4,0
15,5,1
15,6,0
15,7,0
15,8,0
15,9,0
15,10,0
15,11,1
15,12,0
15,13,1
15,14,0
15,15,0
15,16,0
15,17,0
15,18,0
15,19,1
16,0,0
16,1,1
16,2,0
16,3,1
16,4,0
16,5,1
16,6,0
16,7,1
16,8,0
16,9,0
16,10,0
16,11,0
16,12,0
16,13,0
16,14,0
16,15,0
16,16,0
16,17,0
16,18,0
16,19,0
17,0,0
17,1,0
17,2,0
17,3,0
17,4,1
17,5,0
17,6,0
17,7,0
17,8,0
17,9,0
17,10,0
17,11,1
17,12,0
17,13,0
17,14,0
17,15,1
17,16,0
17,17,0
17,18,0
17,19,0
18,0,0
18,1,0
18,2,0
18,3,0
18,4,0
18,5,1
18,6,0
18,7,0
18,8,1
18,9,0
18,10,0
18,11,1
18,12,0
18,13,1
18,14,0
18,15,0
18,16,0
18,17,0
18,18,0
18,19,0
19,0,0
19,1,0
19,2,0
19,3,0
19,4,0
19,5,0
19,6,0
19,7,1
19,8,0
19,9,0
19,10,0
19,11,0
19,12,0
19,13,0
19,14,0
19,15,0
19,16,0
19,17,0
19,18,0
19,19,0
20,0,1
20,1,1
20,2,1
20,3,1
20,4,1
20,5,1
20,6,1
20,7,1
20,8,1
20,9,0
20,10,1
20,11,1
20,12,1
20,13,1
20,14,0
20,15,1
20,16,1
20,17,1
20,18,1
20,19,0
21,0,1
21,1,1
21,2,1
21,3,1
21,4,1
21,5,1
21,6,0
21,7,1
21,8,0
21,9,1
21,10,1
21,11,1
21,12,0
21,13,1
21,14,0
21,15,1
21,16,0
21,17,1
21,18,0
21,19,1
22,0,1
22,1,1
22,2,1
22,3,1
22,4,1
22,5,1
22,6,1
22,7,1
22,8,1
22,9,1
22,10,1
22,11,1
22,12,1
22,13,1
22,14,1
22,15,1
22,16,1
22,17,1
22,18,1
22,19,1
23,0,0
23,1,0
23,2,0
23,3,0
23,4,0
23,5,1
23,6,0
23,7,0
23,8,0
23,9,1
23,10,1
23,11,0
23,12,0
23,13,1
23,14,0
23,15,1
23,16,1
23,17,1
23,18,0
23,19,1
24,0,1
24,1,1
24,2,1
24,3,1
24,4,1
24,5,1
24,6,0
24,7,1
24,8,1
24,9,1
24,10,1
24,11,1
24,12,0
24,13,1
24,14,0
24,15,0
24,16,0
24,17,0
24,18,0
24,19,0
25,0,0
25,1,0
25,2,0
25,3,0
25,4,0
25,5,0
25,6,0
25,7,0
25,8,1
25,9,0
25,10,0
25,11,0
25,12,0
25,13,0
25,14,0
25,15,0
25,16,0
25,17,0
25,18,0
25,19,0
26,0,0
26,1,0
26,2,0
26,3,0
26,4,1
26,5,1
26,6,0
26,7,0
26,8,0
26,9,0
26,10,0
26,11,0
26,12,0
26,13,1
26,14,0
26,15,1
26,16,0
26,17,0
26,18,0
26,19,0
27,0,0
27,1,0
27,2,0
27,3,0
27,4,0
27,5,0
27,6,0
27,7,0
27,8,0
27,9,0
27,10,0
27,11,0
27,12,0
27,13,0
27,14,0
27,15,0
27,16,0
27,17,0
27,18,0
27,19,0
28,0,0
28,1,0
28,2,0
28,3,0
28,4,0
28,5,1
28,6,0
28,7,1
28,8,1
28,9,0
28,10,0
28,11,0
28,12,0
28,13,1
28,14,0
28,15,1
28,16,0
28,17,0
28,18,0
28,19,0
29,0,1
29,1,1
29,2,1
29,3,1
29,4,1
29,5,1
29,6,1
29,7,1
29,8,1
29,9,1
29,10,1
29,11,1
29,12,1
29,13,1
29,14,1
29,15,1
29,16,1
29,17,1
29,18,1
29,19,1
30,0,1
30,1,0
30,2,0
30,3,1
30,4,1
30,5,1
30,6,1
30,7,1
30,8,1
30,9,0
30,10,1
30,11,1
30,12,0
30,13,1
30,14,1
30,15,1
30,16,1
30,17,1
30,18,1
30,19,0
31,0,1
31,1,1
31,2,1
31,3,1
31,4,1
31,5,1
31,6,1
31,7,1
31,8,1
31,9,1
31,10,1
31,11,1
31,12,1
31,13,1
31,14,1
31,15,1
31,16,1
31,17,1
31,18,1
31,19,1
32,0,1
32,1,1
32,2,1
32,3,1
32,4,1
32,5,1
32,6,1
32,7,1
32,8,0
32,9,1
32,10,1
32,11,1
32,12,1
32,13,0
32,14,1
32,15,1
32,16,1
32,17,1
32,18,1
32,19,1
33,0,0
33,1,0
33,2,0
33,3,1
33,4,0
33,5,1
33,6,1
33,7,1
33,8,1
33,9,1
33,10,0
33,11,1
33,12,0
33,13,1
33,14,1
33,15,1
33,16,1
33,17,1
33,18,1
33,19,1
34,0,1
34,1,1
34,2,1
34,3,1
34,4,1
34,5,1
34,6,0
34,7,1
34,8,0
34,9,1
34,10,1
34,11,1
34,12,1
34,13,1
34,14,1
34,15,1
34,16,0
34,17,1
34,18,1
34,19,1
35,0,1
35,1,1
35,2,1
35,3,0
35,4,1
35,5,1
35,6,0
35,7,0
35,8,1
35,9,1
35,10,0
35,11,0
35,12,1
35,13,1
35,14,1
35,15,1
35,16,0
35,17,1
35,18,0
35,19,0
36,0,0
36,1,0
36,2,0
36,3,1
36,4,0
36,5,0
36,6,0
36,7,1
36,8,0
36,9,0
36,10,0
36,11,1
36,12,0
36,13,1
36,14,1
36,15,1
36,16,1
36,17,0
36,18,0
36,19,1
37,0,1
37,1,1
37,2,1
37,3,1
37,4,1
37,5,1
37,6,1
37,7,1
37,8,0
37,9,0
37,10,0
37,11,0
37,12,0
37,13,1
37,14,1
37,15,1
37,16,0
37,17,0
37,18,0
37,19,0
38,0,1
38,1,1
38,2,1
38,3,1
38,4,1
38,5,1
38,6,1
38,7,1
38,8,1
38,9,1
38,10,1
38,11,1
38,12,1
38,13,1
38,14,1
38,15,1
38,16,0
38,17,0
38,18,1
38,19,1
39,0,0
39,1,0
39,2,0
39,3,0
39,4,1
39,5,0
39,6,0
39,7,0
39,8,1
39,9,0
39,10,0
39,11,1
39,12,0
39,13,1
39,14,0
39,15,1
39,16,0
39,17,0
39,18,0
39,19,0
40,0,0
40,1,0
40,2,0
40,3,0
40,4,0
40,5,0
40,6,0
40,7,0
40,8,1
40,9,0
40,10,0
40,11,0
40,12,0
40,13,0
40,14,0
40,15,0
40,16,0
40,17,0
40,18,0
40,19,0
41,0,1
41,1,1
41,2,1
41,3,1
41,4,1
41,5,1
41,6,1
41,7,1
41,8,1
41,9,1
41,10,1
41,11,1
41,12,1
41,13,1
41,14,1
41,15,1
41,16,1
41,17,1
41,18,1
41,19,1
42,0,1
42,1,1
42,2,1
42,3,1
42,4,1
42,5,1
42,6,1
42,7,1
42,8,1
42,9,1
42,10,1
42,11,1
42,12,1
42,13,1
42,14,1
42,15,1
42,16,1
42,17,1
42,18,0
42,19,1
43,0,0
43,1,0
43,2,0
43,3,0
43,4,0
43,5,1
43,6,0
43,7,0
43,8,0
43,9,0
43,10,0
43,11,1
43,12,0
43,13,0
43,14,0
43,15,0
43,16,0
43,17,0
43,18,0
43,19,0
44,0,1
44,1,1
44,2,1
44,3,1
44,4,0
44,5,1
44,6,1
44,7,1
44,8,1
44,9,1
44,10,1
44,11,1
44,12,0
44,13,1
44,14,1
44,15,0
44,16,1
44,17,1
44,18,1
44,19,1
45,0,1
45,1,1
45,2,0
45,3,1
45,4,0
45,5,1
45,6,0
45,7,1
45,8,1
45,9,1
45,10,1
45,11,1
45,12,0
45,13,1
45,14,1
45,15,0
45,16,1
45,17,0
45,18,1
45,19,1
46,0,0
46,1,0
46,2,0
46,3,0
46,4,0
46,5,1
46,6,0
46,7,0
46,8,1
46,9,0
46,10,0
46,11,1
46,12,0
46,13,1
46,14,0
46,15,0
46,16,0
46,17,0
46,18,0
46,19,0
47,0,0
47,1,0
47,2,0
47,3,0
47,4,0
47,5,1
47,6,0
47,7,0
47,8,0
47,9,0
47,10,1
47,11,1
47,12,0
47,13,1
47,14,0
47,15,0
47,16,1
47,17,1
47,18,0
47,19,0
48,0,0
48,1,0
48,2,0
48,3,0
48,4,1
48,5,0
48,6,0
48,7,0
48,8,1
48,9,0
48,10,0
48,11,0
48,12,0
48,13,0
48,14,0
48,15,0
48,16,0
48,17,0
48,18,0
48,19,0
49,0,0
49,1,0
49,2,0
49,3,1
49,4,0
49,5,1
49,6,1
49,7,1
49,8,1
49,9,0
49,10,1
49,11,1
49,12,1
49,13,1
49,14,1
49,15,0
49,16,1
49,17,1
49,18,1
49,19,1
50,0,0
50,1,0
50,2,0
50,3,0
50,4,1
50,5,0
50,6,0
50,7,0
50,8,0
50,9,0
50,10,0
50,11,0
50,12,0
50,13,0
50,14,0
50,15,0
50,16,0
50,17,0
50,18,0
50,19,0
51,0,1
51,1,1
51,2,1
51,3,0
51,4,0
51,5,1
51,6,0
51,7,0
51,8,1
51,9,0
51,10,0
51,11,0
51,12,0
51,13,1
51,14,0
51,15,0
51,16,0
51,17,0
51,18,0
51,19,0
52,0,0
52,1,1
52,2,0
52,3,0
52,4,0
52,5,1
52,6,0
52,7,1
52,8,0
52,9,0
52,10,0
52,11,1
52,12,0
52,13,0
52,14,1
52,15,0
52,16,0
52,17,0
52,18,0
52,19,0
53,0,0
53,1,1
53,2,1
53,3,1
53,4,1
53,5,1
53,6,1
53,7,1
53,8,1
53,9,1
53,10,1
53,11,1
53,12,0
53,13,1
53,14,1
53,15,1
53,16,1
53,17,1
53,18,1
53,19,1
54,0,0
54,1,0
54,2,0
54,3,1
54,4,0
54,5,1
54,6,0
54,7,1
54,8,1
54,9,0
54,10,1
54,11,1
54,12,0
54,13,1
54,14,0
54,15,1
54,16,1
54,17,0
54,18,0
54,19,1
55,0,1
55,1,1
55,2,1
55,3,1
55,4,1
55,5,1
55,6,1
55,7,1
55,8,1
55,9,1
55,10,1
55,11,1
55,12,1
55,13,1
55,14,1
55,15,1
55,16,1
55,17,1
55,18,1
55,19,1
56,0,1
56,1,1
56,2,1
56,3,1
56,4,1
56,5,1
56,6,1
56,7,1
56,8,1
56,9,1
56,10,1
56,11,1
56,12,0
56,13,1
56,14,1
56,15,1
56,16,1
56,17,1
56,18,1
56,19,1
57,0,0
57,1,0
57,2,0
57,3,0
57,4,0
57,5,0
57,6,0
57,7,0
57,8,1
57,9,0
57,10,0
57,11,0
57,12,0
57,13,0
57,14,0
57,15,0
57,16,0
57,17,0
57,18,0
57,19,0
58,0,0
58,1,0
58,2,0
58,3,0
58,4,1
58,5,1
58,6,0
58,7,0
58,8,1
58,9,0
58,10,0
58,11,1
58,12,0
58,13,0
58,14,0
58,15,1
58,16,0
58,17,0
58,18,0
58,19,0
59,0,1
59,1,1
59,2,1
59,3,0
59,4,0
59,5,1
59,6,0
59,7,0
59,8,0
59,9,1
59,10,1
59,11,1
59,12,0
59,13,1
59,14,1
59,15,1
59,16,1
59,17,1
59,18,1
59,19,1
60,0,0
60,1,0
60,2,0
60,3,0
60,4,0
60,5,1
60,6,0
60,7,1
60,8,0
60,9,0
60,10,0
60,11,0
60,12,0
60,13,0
60,14,0
60,15,1
60,16,0
60,17,0
60,18,0
60,19,0
61,0,0
61,1,0
61,2,0
61,3,0
61,4,1
61,5,0
61,6,0
61,7,0
61,8,0
61,9,0
61,10,0
61,11,0
61,12,0
61,13,0
61,14,0
61,15,0
61,16,0
61,17,0
61,18,0
61,19,0
62,0,1
62,1,1
62,2,1
62,3,0
62,4,1
62,5,1
62,6,1
62,7,1
62,8,1
62,9,0
62,10,1
62,11,1
62,12,1
62,13,1
62,14,0
62,15,1
62,16,0
62,17,1
62,18,0
62,19,0
63,0,1
63,1,1
63,2,1
63,3,1
63,4,1
63,5,1
63,6,1
63,7,1
63,8,1
63,9,1
63,10,1
63,11,1
63,12,0
63,13,1
63,14,1
63,15,1
63,16,1
63,17,1
63,18,0
63,19,0
64,0,1
64,1,1
64,2,1
64,3,1
64,4,1
64,5,1
64,6,0
64,7,1
64,8,1
64,9,0
64,10,0
64,11,1
64,12,1
64,13,1
64,14,1
64,15,1
64,16,0
64,17,0
64,18,0
64,19,0
65,0,0
65,1,0
65,2,0
65,3,1
65,4,0
65,5,0
65,6,0
65,7,1
65,8,0
65,9,1
65,10,1
65,11,1
65,12,0
65,13,1
65,14,0
65,15,1
65,16,0
65,17,1
65,18,0
65,19,1
66,0,1
66,1,1
66,2,1
66,3,0
66,4,1
66,5,1
66,6,1
66,7,0
66,8,1
66,9,0
66,10,0
66,11,1
66,12,0
66,13,1
66,14,1
66,15,1
66,16,0
66,17,1
66,18,1
66,19,0
67,0,0
67,1,0
67,2,0
67,3,0
67,4,0
67,5,0
67,6,0
67,7,0
67,8,1
67,9,0
67,10,0
67,11,0
67,12,0
67,13,0
67,14,0
67,15,0
67,16,0
67,17,0
67,18,0
67,19,0
68,0,0
68,1,0
68,2,0
68,3,0
68,4,0
68,5,0
68,6,0
68,7,0
68,8,0
68,9,0
68,10,0
68,11,0
68,12,0
68,13,0
68,14,0
68,15,0
68,16,0
68,17,0
68,18,0
68,19,0
69,0,0
69,1,0
69,2,0
69,3,0
69,4,0
69,5,0
69,6,1
69,7,1
69,8,0
69,9,0
69,10,0
69,11,1
69,12,0
69,13,1
69,14,1
69,15,0
69,16,0
69,17,1
69,18,0
69,19,0
70,0,0
70,1,0
70,2,0
70,3,0
70,4,1
70,5,1
70,6,0
70,7,0
70,8,1
70,9,0
70,10,0
70,11,0
70,12,0
70,13,1
70,14,0
70,15,1
70,16,0
70,17,0
70,18,0
70,19,0
71,0,0
71,1,0
71,2,0
71,3,0
71,4,1
71,5,1
71,6,0
71,7,1
71,8,1
71,9,0
71,10,0
71,11,0
71,12,0
71,13,1
71,14,0
71,15,0
71,16,0
71,17,0
71,18,0
71,19,0
72,0,0
72,1,0
72,2,0
72,3,0
72,4,0
72,5,0
72,6,0
72,7,1
72,8,0
72,9,0
72,10,0
72,11,0
72,12,0
72,13,0
72,14,0
72,15,0
72,16,0
72,17,0
72,18,0
72,19,0
73,0,1
73,1,1
73,2,1
73,3,0
73,4,1
73,5,1
73,6,0
73,7,0
73,8,1
73,9,1
73,10,1
73,11,1
73,12,1
73,13,1
73,14,1
73,15,1
73,16,1
73,17,1
73,18,0
73,19,0
74,0,0
74,1,0
74,2,0
74,3,0
74,4,0
74,5,1
74,6,0
74,7,1
74,8,0
74,9,0
74,10,0
74,11,1
74,12,0
74,13,0
74,14,0
74,15,1
74,16,0
74,17,0
74,18,0
74,19,0
75,0,0
75,1,0
75,2,0
75,3,0
75,4,0
75,5,0
75,6,0
75,7,0
75,8,0
75,9,0
75,10,0
75,11,0
75,12,0
75,13,0
75,14,0
75,15,0
75,16,0
75,17,0
75,18,0
75,19,0
76,0,0
76,1,1
76,2,0
76,3,0
76,4,1
76,5,1
76,6,0
76,7,1
76,8,1
76,9,0
76,10,0
76,11,0
76,12,0
76,13,1
76,14,0
76,15,1
76,16,0
76,17,0
76,18,0
76,19,0
77,0,1
77,1,1
77,2,1
77,3,0
77,4,0
77,5,1
77,6,0
77,7,1
77,8,0
77,9,1
77,10,1
77,11,1
77,12,1
77,13,1
77,14,0
77,15,1
77,16,1
77,17,1
77,18,0
77,19,1
78,0,1
78,1,1
78,2,1
78,3,1
78,4,1
78,5,1
78,6,1
78,7,1
78,8,1
78,9,1
78,10,1
78,11,1
78,12,1
78,13,1
78,14,1
78,15,1
78,16,1
78,17,1
78,18,1
78,19,1
79,0,0
79,1,0
79,2,0
79,3,1
79,4,1
79,5,1
79,6,1
79,7,1
79,8,1
79,9,1
79,10,1
79,11,1
79,12,0
79,13,1
79,14,0
79,15,0
79,16,1
79,17,1
79,18,1
79,19,1
80,0,0
80,1,0
80,2,0
80,3,1
80,4,0
80,5,0
80,6,0
80,7,1
80,8,0
80,9,0
80,10,0
80,11,1
80,12,0
80,13,1
80,14,0
80,15,0
80,16,0
80,17,0
80,18,0
80,19,0
81,0,1
81,1,1
81,2,1
81,3,1
81,4,0
81,5,1
81,6,1
81,7,1
81,8,1
81,9,0
81,10,1
81,11,0
81,12,0
81,13,1
81,14,1
81,15,1
81,16,1
81,17,1
81,18,1
81,19,1
82,0,0
82,1,0
82,2,0
82,3,0
82,4,0
82,5,0
82,6,0
82,7,0
82,8,1
82,9,0
82,10,0
82,11,0
82,12,0
82,13,0
82,14,0
82,15,0
82,16,0
82,17,0
82,18,0
82,19,0
83,0,1
83,1,1
83,2,1
83,3,0
83,4,0
83,5,1
83,6,0
83,7,0
83,8,0
83,9,0
83,10,0
83,11,1
83,12,0
83,13,1
83,14,0
83,15,0
83,16,0
83,17,0
83,18,0
83,19,0
84,0,1
84,1,1
84,2,1
84,3,0
84,4,1
84,5,1
84,6,0
84,7,1
84,8,1
84,9,0
84,10,0
84,11,1
84,12,0
84,13,0
84,14,1
84,15,0
84,16,0
84,17,1
84,18,0
84,19,0
85,0,1
85,1,1
85,2,0
85,3,1
85,4,0
85,5,1
85,6,1
85,7,1
85,8,0
85,9,0
85,10,1
85,11,1
85,12,0
85,13,1
85,14,1
85,15,0
85,16,1
85,17,1
85,18,0
85,19,1
86,0,1
86,1,1
86,2,0
86,3,1
86,4,1
86,5,1
86,6,0
86,7,1
86,8,1
86,9,1
86,10,1
86,11,1
86,12,1
86,13,0
86,14,0
86,15,1
86,16,1
86,17,1
86,18,0
86,19,1
87,0,1
87,1,0
87,2,1
87,3,1
87,4,1
87,5,1
87,6,1
87,7,1
87,8,1
87,9,1
87,10,1
87,11,1
87,12,1
87,13,0
87,14,1
87,15,1
87,16,1
87,17,1
87,18,1
87,19,1
88,0,1
88,1,1
88,2,1
88,3,1
88,4,1
88,5,1
88,6,1
88,7,1
88,8,1
88,9,1
88,10,1
88,11,1
88,12,1
88,13,1
88,14,1
88,15,1
88,16,1
88,17,1
88,18,1
88,19,1
89,0,1
89,1,1
89,2,1
89,3,1
89,4,1
89,5,1
89,6,1
89,7,1
89,8,0
89,9,1
89,10,1
89,11,1
89,12,1
89,13,1
89,14,0
89,15,1
89,16,1
89,17,1
89,18,1
89,19,1
90,0,1
90,1,1
90,2,1
90,3,1
90,4,0
90,5,1
90,6,1
90,7,1
90,8,1
90,9,0
90,10,0
90,11,1
90,12,0
90,13,1
90,14,1
90,15,1
90,16,0
90,17,0
90,18,1
90,19,0
91,0,0
91,1,0
91,2,0
91,3,0
91,4,0
91,5,0
91,6,0
91,7,1
91,8,0
91,9,0
91,10,0
91,11,1
91,12,0
91,13,0
91,14,0
91,15,1
91,16,0
91,17,0
91,18,0
91,19,0
92,0,1
92,1,1
92,2,1
92,3,1
92,4,1
92,5,1
92,6,1
92,7,1
92,8,0
92,9,1
92,10,1
92,11,1
92,12,1
92,13,1
92,14,1
92,15,1
92,16,1
92,17,1
92,18,0
92,19,1
93,0,1
93,1,1
93,2,1
93,3,1
93,4,1
93,5,1
93,6,1
93,7,1
93,8,1
93,9,1
93,10,1
93,11,1
93,12,1
93,13,1
93,14,1
93,15,1
93,16,1
93,17,0
93,18,1
93,19,1
94,0,1
94,1,1
94,2,1
94,3,1
94,4,1
94,5,1
94,6,1
94,7,1
94,8,1
94,9,1
94,10,1
94,11,1
94,12,1
94,13,1
94,14,1
94,15,1
94,16,1
94,17,1
94,18,1
94,19,1
95,0,0
95,1,1
95,2,1
95,3,1
95,4,0
95,5,1
95,6,1
95,7,1
95,8,1
95,9,1
95,10,1
95,11,1
95,12,1
95,13,1
95,14,1
95,15,1
95,16,1
95,17,1
95,18,1
95,19,1
96,0,0
96,1,0
96,2,0
96,3,0
96,4,1
96,5,1
96,6,0
96,7,1
96,8,0
96,9,0
96,10,1
96,11,1
96,12,0
96,13,1
96,14,0
96,15,1
96,16,1
96,17,0
96,18,0
96,19,1
97,0,0
97,1,0
97,2,0
97,3,0
97,4,0
97,5,0
97,6,0
97,7,0
97,8,1
97,9,0
97,10,0
97,11,1
97,12,0
97,13,0
97,14,0
97,15,1
97,16,0
97,17,0
97,18,0
97,19,0
98,0,1
98,1,1
98,2,1
98,3,1
98,4,1
98,5,1
98,6,1
98,7,1
98,8,0
98,9,1
98,10,1
98,11,1
98,12,1
98,13,1
98,14,1
98,15,1
98,16,0
98,17,1
98,18,1
98,19,1
99,0,0
99,1,0
99,2,0
99,3,1
99,4,0
99,5,1
99,6,0
99,7,1
99,8,0
99,9,0
99,10,0
99,11,0
99,12,0
99,13,0
99,14,0
99,15,0
99,16,0
99,17,0
99,18,0
99,19,0
100,0,1
100,1,0
100,2,0
100,3,0
100,4,1
100,5,1
100,6,0
100,7,0
100,8,1
100,9,0
100,10,0
100,11,0
100,12,0
100,13,0
100,14,0
100,15,1
100,16,0
100,17,0
100,18,0
100,19,0
101,0,1
101,1,1
101,2,1
101,3,0
101,4,1
101,5,1
101,6,1
101,7,1
101,8,1
101,9,1
101,10,1
101,11,1
101,12,1
101,13,1
101,14,1
101,15,1
101,16,1
101,17,1
101,18,1
101,19,1
102,0,0
102,1,0
102,2,0
102,3,0
102,4,1
102,5,1
102,6,0
102,7,0
102,8,1
102,9,0
102,10,0
102,11,0
102,12,0
102,13,1
102,14,0
102,15,1
102,16,0
102,17,0
102,18,0
102,19,0
103,0,0
103,1,1
103,2,1
103,3,1
103,4,1
103,5,1
103,6,1
103,7,1
103,8,1
103,9,1
103,10,1
103,11,1
103,12,1
103,13,1
103,14,1
103,15,1
103,16,1
103,17,1
103,18,1
103,19,1
104,0,0
104,1,1
104,2,1
104,3,1
104,4,1
104,5,1
104,6,1
104,7,1
104,8,1
104,9,1
104,10,1
104,11,1
104,12,1
104,13,1
104,14,1
104,15,0
104,16,1
104,17,0
104,18,0
104,19,0
105,0,1
105,1,1
105,2,0
105,3,0
105,4,1
105,5,1
105,6,0
105,7,0
105,8,1
105,9,0
105,10,0
105,11,1
105,12,0
105,13,1
105,14,0
105,15,1
105,16,0
105,17,1
105,18,0
105,19,0
106,0,1
106,1,1
106,2,1
106,3,1
106,4,0
106,5,1
106,6,0
106,7,1
106,8,0
106,9,0
106,10,0
106,11,0
106,12,0
106,13,0
106,14,0
106,15,0
106,16,0
106,17,0
106,18,0
106,19,0
107,0,1
107,1,1
107,2,1
107,3,1
107,4,1
107,5,1
107,6,1
107,7,1
107,8,1
107,9,1
107,10,1
107,11,1
107,12,1
107,13,1
107,14,1
107,15,1
107,16,1
107,17,1
107,18,1
107,19,1
108,0,1
108,1,1
108,2,1
108,3,0
108,4,1
108,5,1
108,6,0
108,7,1
108,8,1
108,9,0
108,10,0
108,11,1
108,12,0
108,13,1
108,14,0
108,15,1
108,16,0
108,17,1
108,18,1
108,19,0
109,0,1
109,1,1
109,2,1
109,3,1
109,4,1
109,5,1
109,6,0
109,7,1
109,8,0
109,9,1
109,10,1
109,11,1
109,12,0
109,13,0
109,14,1
109,15,1
109,16,1
109,17,1
109,18,0
109,19,0
110,0,0
110,1,0
110,2,0
110,3,0
110,4,0
110,5,1
110,6,0
110,7,1
110,8,0
110,9,0
110,10,0
110,11,1
110,12,0
110,13,0
110,14,0
110,15,0
110,16,0
110,17,0
110,18,0
110,19,0
111,0,0
111,1,0
111,2,0
111,3,0
111,4,0
111,5,0
111,6,0
111,7,0
111,8,0
111,9,0
111,10,0
111,11,0
111,12,0
111,13,0
111,14,0
111,15,0
111,16,0
111,17,0
111,18,0
111,19,0
112,0,1
112,1,0
112,2,0
112,3,0
112,4,1
112,5,1
112,6,1
112,7,1
112,8,0
112,9,1
112,10,0
112,11,1
112,12,0
112,13,1
112,14,1
112,15,1
112,16,0
112,17,0
112,18,0
112,19,0
113,0,0
113,1,0
113,2,0
113,3,0
113,4,0
113,5,1
113,6,0
113,7,0
113,8,0
113,9,1
113,10,1
113,11,1
113,12,0
113,13,1
113,14,0
113,15,1
113,16,1
113,17,1
113,18,0
113,19,1
114,0,1
114,1,1
114,2,0
114,3,1
114,4,1
114,5,1
114,6,1
114,7,1
114,8,0
114,9,1
114,10,0
114,11,0
114,12,1
114,13,1
114,14,0
114,15,1
114,16,0
114,17,1
114,18,1
114,19,0
115,0,0
115,1,1
115,2,1
115,3,1
115,4,1
115,5,1
115,6,1
115,7,1
115,8,1
115,9,1
115,10,1
115,11,1
115,12,1
115,13,1
115,14,1
115,15,1
115,16,1
115,17,1
115,18,1
115,19,1
116,0,0
116,1,0
116,2,0
116,3,0
116,4,0
116,5,0
116,6,0
116,7,0
116,8,1
116,9,0
116,10,0
116,11,0
116,12,0
116,13,0
116,14,0
116,15,0
116,16,0
116,17,0
116,18,0
116,19,0
117,0,0
117,1,0
117,2,0
117,3,1
117,4,0
117,5,1
117,6,0
117,7,1
117,8,0
117,9,0
117,10,1
117,11,1
117,12,0
117,13,1
117,14,0
117,15,1
117,16,0
117,17,1
117,18,0
117,19,1
118,0,0
118,1,0
118,2,0
118,3,1
118,4,0
118,5,1
118,6,1
118,7,1
118,8,1
118,9,1
118,10,1
118,11,1
118,12,0
118,13,1
118,14,1
118,15,1
118,16,0
118,17,1
118,18,1
118,19,1
119,0,0
119,1,0
119,2,0
119,3,0
119,4,0
119,5,0
119,6,0
119,7,0
119,8,0
119,9,0
119,10,0
119,11,0
119,12,0
119,13,0
119,14,0
119,15,0
119,16,0
119,17,0
119,18,0
119,19,0
120,0,0
120,1,0
120,2,0
120,3,1
120,4,1
120,5,0
120,6,0
120,7,1
120,8,0
120,9,0
120,10,0
120,11,0
120,12,0
120,13,0
120,14,0
120,15,0
120,16,0
120,17,0
120,18,0
120,19,0
121,0,0
121,1,0
121,2,0
121,3,0
121,4,0
121,5,1
121,6,0
121,7,0
121,8,1
121,9,0
121,10,0
121,11,1
121,12,0
121,13,0
121,14,0
121,15,1
121,16,0
121,17,1
121,18,0
121,19,0
122,0,0
122,1,0
122,2,0
122,3,0
122,4,0
122,5,1
122,6,0
122,7,0
122,8,0
122,9,0
122,10,0
122,11,0
122,12,0
122,13,1
122,14,0
122,15,1
122,16,0
122,17,0
122,18,0
122,19,0
123,0,1
123,1,1
123,2,1
123,3,1
123,4,1
123,5,1
123,6,1
123,7,1
123,8,1
123,9,1
123,10,1
123,11,1
123,12,1
123,13,1
123,14,1
123,15,1
123,16,1
123,17,1
123,18,1
123,19,1
124,0,1
124,1,1
124,2,1
124,3,0
124,4,1
124,5,1
124,6,0
124,7,0
124,8,0
124,9,1
124,10,1
124,11,1
124,12,1
124,13,1
124,14,0
124,15,1
124,16,1
124,17,0
124,18,1
124,19,1
125,0,1
125,1,1
125,2,0
125,3,1
125,4,1
125,5,1
125,6,0
125,7,1
125,8,0
125,9,1
125,10,1
125,11,1
125,12,1
125,13,1
125,14,1
125,15,1
125,16,1
125,17,1
125,18,1
125,19,1
126,0,1
126,1,1
126,2,1
126,3,1
126,4,1
126,5,1
126,6,0
126,7,1
126,8,1
126,9,1
126,10,1
126,11,1
126,12,1
126,13,1
126,14,1
126,15,1
126,16,1
126,17,1
126,18,1
126,19,1
127,0,0
127,1,0
127,2,0
127,3,1
127,4,1
127,5,1
127,6,1
127,7,1
127,8,1
127,9,1
127,10,1
127,11,1
127,12,1
127,13,1
127,14,1
127,15,1
127,16,1
127,17,1
127,18,1
127,19,1
128,0,0
128,1,0
128,2,0
128,3,1
128,4,0
128,5,1
128,6,0
128,7,1
128,8,0
128,9,1
128,10,1
128,11,1
128,12,0
128,13,1
128,14,0
128,15,1
128,16,1
128,17,0
128,18,0
128,19,0
129,0,1
129,1,1
129,2,1
129,3,1
129,4,1
129,5,0
129,6,1
129,7,1
129,8,1
129,9,1
129,10,1
129,11,1
129,12,1
129,13,1
129,14,0
129,15,1
129,16,1
129,17,1
129,18,1
129,19,1
130,0,0
130,1,0
130,2,0
130,3,0
130,4,0
130,5,1
130,6,0
130,7,0
130,8,0
130,9,0
130,10,0
130,11,1
130,12,0
130,13,0
130,14,0
130,15,1
130,16,1
130,17,0
130,18,0
130,19,0
131,0,0
131,1,1
131,2,0
131,3,1
131,4,1
131,5,1
131,6,0
131,7,1
131,8,1
131,9,1
131,10,1
131,11,1
131,12,1
131,13,1
131,14,0
131,15,1
131,16,1
131,17,1
131,18,0
131,19,0
132,0,0
132,1,0
132,2,0
132,3,0
132,4,1
132,5,1
132,6,1
132,7,1
132,8,1
132,9,0
132,10,0
132,11,1
132,12,0
132,13,0
132,14,1
132,15,0
132,16,0
132,17,0
132,18,0
132,19,0
133,0,0
133,1,0
133,2,0
133,3,0
133,4,0
133,5,0
133,6,0
133,7,1
133,8,0
133,9,0
133,10,0
133,11,0
133,12,0
133,13,0
133,14,0
133,15,0
133,16,0
133,17,0
133,18,0
133,19,0
134,0,0
134,1,0
134,2,0
134,3,0
134,4,1
134,5,0
134,6,0
134,7,1
134,8,0
134,9,0
134,10,0
134,11,0
134,12,0
134,13,0
134,14,0
134,15,0
134,16,0
134,17,0
134,18,0
134,19,0
135,0,1
135,1,1
135,2,1
135,3,1
135,4,1
135,5,1
135,6,1
135,7,1
135,8,1
135,9,1
135,10,1
135,11,1
135,12,1
135,13,1
135,14,1
135,15,1
135,16,1
135,17,0
135,18,1
135,19,1
136,0,0
136,1,1
136,2,1
136,3,0
136,4,0
136,5,1
136,6,0
136,7,1
136,8,0
136,9,0
136,10,1
136,11,0
136,12,0
136,13,1
136,14,1
136,15,1
136,16,1
136,17,1
136,18,0
136,19,1
137,0,1
137,1,1
137,2,1
137,3,1
137,4,1
137,5,1
137,6,1
137,7,1
137,8,1
137,9,0
137,10,1
137,11,1
137,12,1
137,13,1
137,14,1
137,15,1
137,16,1
137,17,1
137,18,1
137,19,1
138,0,0
138,1,0
138,2,0
138,3,0
138,4,1
138,5,0
138,6,0
138,7,0
138,8,1
138,9,0
138,10,0
138,11,0
138,12,0
138,13,0
138,14,0
138,15,0
138,16,0
138,17,0
138,18,0
138,19,0
139,0,1
139,1,1
139,2,1
139,3,1
139,4,1
139,5,1
139,6,1
139,7,1
139,8,1
139,9,1
139,10,0
139,11,1
139,12,1
139,13,1
139,14,1
139,15,1
139,16,1
139,17,1
139,18,1
139,19,1
140,0,1
140,1,1
140,2,1
140,3,1
140,4,1
140,5,1
140,6,1
140,7,1
140,8,1
140,9,0
140,10,1
140,11,1
140,12,0
140,13,0
140,14,1
140,15,1
140,16,0
140,17,0
140,18,0
140,19,0
141,0,1
141,1,1
141,2,0
141,3,1
141,4,1
141,5,1
141,6,1
141,7,1
141,8,1
141,9,1
141,10,1
141,11,1
141,12,1
141,13,1
141,14,1
141,15,1
141,16,1
141,17,0
141,18,1
141,19,1
142,0,0
142,1,0
142,2,0
142,3,0
142,4,0
142,5,1
142,6,0
142,7,1
142,8,0
142,9,0
142,10,0
142,11,1
142,12,0
142,13,0
142,14,0
142,15,0
142,16,0
142,17,0
142,18,0
142,19,0
143,0,0
143,1,0
143,2,0
143,3,0
143,4,1
143,5,1
143,6,0
143,7,1
143,8,0
143,9,0
143,10,1
143,11,0
143,12,0
143,13,0
143,14,0
143,15,0
143,16,0
143,17,0
143,18,0
143,19,0
144,0,0
144,1,0
144,2,0
144,3,0
144,4,0
144,5,1
144,6,0
144,7,0
144,8,0
144,9,0
144,10,1
144,11,1
144,12,0
144,13,1
144,14,0
144,15,0
144,16,0
144,17,0
144,18,0
144,19,0
145,0,0
145,1,1
145,2,1
145,3,1
145,4,1
145,5,1
145,6,0
145,7,1
145,8,0
145,9,1
145,10,0
145,11,1
145,12,1
145,13,1
145,14,1
145,15,1
145,16,1
145,17,1
145,18,1
145,19,1
146,0,1
146,1,1
146,2,1
146,3,1
146,4,1
146,5,1
146,6,1
146,7,1
146,8,0
146,9,1
146,10,1
146,11,1
146,12,1
146,13,1
146,14,1
146,15,1
146,16,1
146,17,1
146,18,1
146,19,0
147,0,0
147,1,0
147,2,0
147,3,0
147,4,0
147,5,0
147,6,0
147,7,0
147,8,0
147,9,0
147,10,0
147,11,0
147,12,0
147,13,0
147,14,0
147,15,0
147,16,0
147,17,0
147,18,0
147,19,0
148,0,0
148,1,1
148,2,1
148,3,1
148,4,1
148,5,1
148,6,0
148,7,1
148,8,1
148,9,1
148,10,0
148,11,1
148,12,1
148,13,1
148,14,0
148,15,1
148,16,1
148,17,1
148,18,0
148,19,1
149,0,1
149,1,1
149,2,1
149,3,1
149,4,1
149,5,1
149,6,1
149,7,1
149,8,1
149,9,1
149,10,1
149,11,1
149,12,1
149,13,1
149,14,1
149,15,1
149,16,1
149,17,1
149,18,1
149,19,1
150,0,1
150,1,1
150,2,1
150,3,1
150,4,1
150,5,1
150,6,1
150,7,1
150,8,0
150,9,1
150,10,1
150,11,1
150,12,1
150,13,1
150,14,1
150,15,1
150,16,0
150,17,0
150,18,1
150,19,1
151,0,1
151,1,0
151,2,1
151,3,1
151,4,1
151,5,1
151,6,1
151,7,1
151,8,1
151,9,1
151,10,1
151,11,1
151,12,1
151,13,1
151,14,1
151,15,1
151,16,1
151,17,1
151,18,1
151,19,1
152,0,1
152,1,1
152,2,0
152,3,0
152,4,1
152,5,1
152,6,1
152,7,1
152,8,1
152,9,1
152,10,1
152,11,1
152,12,1
152,13,1
152,14,1
152,15,1
152,16,1
152,17,0
152,18,1
152,19,1
153,0,1
153,1,1
153,2,1
153,3,0
153,4,1
153,5,1
153,6,1
153,7,1
153,8,1
153,9,1
153,10,1
153,11,0
153,12,1
153,13,1
153,14,1
153,15,1
153,16,1
153,17,1
153,18,1
153,19,1
154,0,0
154,1,1
154,2,1
154,3,1
154,4,1
154,5,1
154,6,1
154,7,1
154,8,1
154,9,1
154,10,1
154,11,1
154,12,1
154,13,0
154,14,1
154,15,1
154,16,0
154,17,1
154,18,1
154,19,1
155,0,1
155,1,1
155,2,1
155,3,1
155,4,1
155,5,1
155,6,1
155,7,1
155,8,0
155,9,0
155,10,1
155,11,1
155,12,1
155,13,1
155,14,1
155,15,1
155,16,1
155,17,1
155,18,1
155,19,1
156,0,0
156,1,1
156,2,1
156,3,1
156,4,1
156,5,1
156,6,1
156,7,1
156,8,1
156,9,1
156,10,1
156,11,1
156,12,1
156,13,1
156,14,1
156,15,1
156,16,0
156,17,1
156,18,1
156,19,0
157,0,0
157,1,0
157,2,0
157,3,1
157,4,0
157,5,1
157,6,0
157,7,0
157,8,0
157,9,1
157,10,1
157,11,1
157,12,0
157,13,1
157,14,0
157,15,0
157,16,1
157,17,1
157,18,0
157,19,1
158,0,0
158,1,1
158,2,1
158,3,1
158,4,0
158,5,1
158,6,1
158,7,1
158,8,1
158,9,0
158,10,0
158,11,1
158,12,0
158,13,1
158,14,1
158,15,1
158,16,0
158,17,0
158,18,1
158,19,0
159,0,1
159,1,1
159,2,1
159,3,1
159,4,1
159,5,1
159,6,1
159,7,1
159,8,1
159,9,0
159,10,1
159,11,1
159,12,1
159,13,1
159,14,1
159,15,1
159,16,1
159,17,1
159,18,0
159,19,1
160,0,1
160,1,1
160,2,1
160,3,1
160,4,1
160,5,1
160,6,0
160,7,1
160,8,1
160,9,1
160,10,1
160,11,1
160,12,1
160,13,1
160,14,1
160,15,1
160,16,0
160,17,1
160,18,0
160,19,1
161,0,1
161,1,1
161,2,1
161,3,1
161,4,0
161,5,0
161,6,1
161,7,1
161,8,1
161,9,1
161,10,1
161,11,1
161,12,1
161,13,1
161,14,1
161,15,1
161,16,1
161,17,1
161,18,1
161,19,1
162,0,1
162,1,1
162,2,1
162,3,1
162,4,1
162,5,1
162,6,1
162,7,1
162,8,1
162,9,1
162,10,1
162,11,1
162,12,1
162,13,1
162,14,1
162,15,1
162,16,1
162,17,0
162,18,1
162,19,1
163,0,1
163,1,1
163,2,1
163,3,1
163,4,1
163,5,1
163,6,1
163,7,1
163,8,1
163,9,1
163,10,1
163,11,1
163,12,1
163,13,1
163,14,1
163,15,1
163,16,1
163,17,1
163,18,1
163,19,0
164,0,0
164,1,0
164,2,0
164,3,0
164,4,0
164,5,0
164,6,0
164,7,0
164,8,0
164,9,0
164,10,0
164,11,0
164,12,0
164,13,0
164,14,0
164,15,0
164,16,0
164,17,0
164,18,0
164,19,0
165,0,0
165,1,0
165,2,0
165,3,0
165,4,1
165,5,0
165,6,0
165,7,0
165,8,1
165,9,0
165,10,0
165,11,0
165,12,0
165,13,0
165,14,0
165,15,0
165,16,0
165,17,0
165,18,0
165,19,0
166,0,0
166,1,0
166,2,0
166,3,0
166,4,0
166,5,0
166,6,0
166,7,0
166,8,1
166,9,0
166,10,0
166,11,1
166,12,0
166,13,0
166,14,0
166,15,0
166,16,0
166,17,0
166,18,0
166,19,0
167,0,1
167,1,1
167,2,1
167,3,1
167,4,1
167,5,1
167,6,1
167,7,1
167,8,1
167,9,1
167,10,1
167,11,1
167,12,1
167,13,1
167,14,1
167,15,1
167,16,1
167,17,1
167,18,1
167,19,1
168,0,1
168,1,1
168,2,1
168,3,1
168,4,1
168,5,0
168,6,1
168,7,0
168,8,1
168,9,1
168,10,1
168,11,1
168,12,1
168,13,1
168,14,1
168,15,1
168,16,1
168,17,1
168,18,1
168,19,1
169,0,0
169,1,0
169,2,0
169,3,0
169,4,0
169,5,0
169,6,0
169,7,0
169,8,0
169,9,0
169,10,0
169,11,0
169,12,0
169,13,0
169,14,0
169,15,0
169,16,0
169,17,0
169,18,0
169,19,0
170,0,0
170,1,0
170,2,0
170,3,0
170,4,0
170,5,0
170,6,0
170,7,0
170,8,0
170,9,0
170,10,0
170,11,1
170,12,0
170,13,0
170,14,0
170,15,1
170,16,1
170,17,1
170,18,0
170,19,1
171,0,0
171,1,1
171,2,1
171,3,1
171,4,1
171,5,1
171,6,0
171,7,1
171,8,1
171,9,1
171,10,1
171,11,1
171,12,1
171,13,1
171,14,0
171,15,1
171,16,1
171,17,1
171,18,0
171,19,1
172,0,1
172,1,1
172,2,1
172,3,1
172,4,1
172,5,1
172,6,1
172,7,1
172,8,1
172,9,1
172,10,1
172,11,1
172,12,1
172,13,1
172,14,1
172,15,1
172,16,1
172,17,1
172,18,1
172,19,1
173,0,0
173,1,0
173,2,0
173,3,1
173,4,0
173,5,1
173,6,1
173,7,1
173,8,1
173,9,0
173,10,0
173,11,1
173,12,0
173,13,1
173,14,1
173,15,0
173,16,1
173,17,1
173,18,0
173,19,0
174,0,0
174,1,0
174,2,0
174,3,0
174,4,1
174,5,1
174,6,0
174,7,0
174,8,1
174,9,0
174,10,1
174,11,1
174,12,0
174,13,0
174,14,0
174,15,1
174,16,0
174,17,0
174,18,0
174,19,0
175,0,0
175,1,0
175,2,0
175,3,1
175,4,0
175,5,1
175,6,0
175,7,1
175,8,0
175,9,0
175,10,1
175,11,1
175,12,0
175,13,1
175,14,0
175,15,1
175,16,0
175,17,1
175,18,0
175,19,1
176,0,0
176,1,1
176,2,1
176,3,1
176,4,0
176,5,1
176,6,0
176,7,1
176,8,0
176,9,0
176,10,1
176,11,1
176,12,0
176,13,1
176,14,0
176,15,1
176,16,1
176,17,1
176,18,0
176,19,1
177,0,0
177,1,1
177,2,1
177,3,0
177,4,1
177,5,1
177,6,0
177,7,0
177,8,0
177,9,0
177,10,0
177,11,0
177,12,0
177,13,1
177,14,0
177,15,0
177,16,0
177,17,0
177,18,0
177,19,0
178,0,0
178,1,1
178,2,1
178,3,1
178,4,1
178,5,1
178,6,0
178,7,1
178,8,1
178,9,1
178,10,1
178,11,1
178,12,1
178,13,1
178,14,0
178,15,1
178,16,1
178,17,1
178,18,0
178,19,0
179,0,1
179,1,1
179,2,0
179,3,1
179,4,1
179,5,1
179,6,1
179,7,1
179,8,1
179,9,1
179,10,1
179,11,1
179,12,0
179,13,1
179,14,1
179,15,1
179,16,1
179,17,1
179,18,1
179,19,1
180,0,0
180,1,0
180,2,0
180,3,1
180,4,0
180,5,0
180,6,0
180,7,1
180,8,0
180,9,0
180,10,0
180,11,0
180,12,0
180,13,0
180,14,0
180,15,0
180,16,0
180,17,0
180,18,0
180,19,0
181,0,1
181,1,1
181,2,1
181,3,1
181,4,1
181,5,1
181,6,0
181,7,1
181,8,1
181,9,0
181,10,1
181,11,1
181,12,0
181,13,1
181,14,0
181,15,1
181,16,1
181,17,1
181,18,0
181,19,0
182,0,1
182,1,1
182,2,1
182,3,1
182,4,0
182,5,1
182,6,1
182,7,1
182,8,1
182,9,0
182,10,1
182,11,0
182,12,0
182,13,1
182,14,0
182,15,1
182,16,1
182,17,0
182,18,0
182,19,0
183,0,1
183,1,1
183,2,1
183,3,0
183,4,1
183,5,1
183,6,1
183,7,1
183,8,1
183,9,1
183,10,1
183,11,1
183,12,1
183,13,1
183,14,1
183,15,1
183,16,1
183,17,1
183,18,1
183,19,1
184,0,1
184,1,1
184,2,1
184,3,1
184,4,1
184,5,1
184,6,0
184,7,1
184,8,1
184,9,1
184,10,1
184,11,1
184,12,1
184,13,1
184,14,1
184,15,1
184,16,1
184,17,1
184,18,1
184,19,1
185,0,1
185,1,1
185,2,1
185,3,1
185,4,1
185,5,1
185,6,1
185,7,1
185,8,1
185,9,0
185,10,1
185,11,1
185,12,1
185,13,1
185,14,1
185,15,1
185,16,1
185,17,1
185,18,1
185,19,0
186,0,1
186,1,1
186,2,0
186,3,0
186,4,1
186,5,1
186,6,0
186,7,0
186,8,1
186,9,0
186,10,0
186,11,0
186,12,0
186,13,0
186,14,0
186,15,0
186,16,0
186,17,0
186,18,0
186,19,0
187,0,0
187,1,0
187,2,0
187,3,0
187,4,0
187,5,1
187,6,0
187,7,1
187,8,0
187,9,0
187,10,1
187,11,1
187,12,0
187,13,1
187,14,0
187,15,0
187,16,0
187,17,0
187,18,0
187,19,0
188,0,1
188,1,1
188,2,1
188,3,1
188,4,1
188,5,1
188,6,1
188,7,1
188,8,1
188,9,1
188,10,1
188,11,1
188,12,1
188,13,1
188,14,1
188,15,1
188,16,1
188,17,1
188,18,1
188,19,1
189,0,1
189,1,1
189,2,1
189,3,1
189,4,1
189,5,1
189,6,1
189,7,1
189,8,1
189,9,1
189,10,1
189,11,1
189,12,1
189,13,1
189,14,1
189,15,1
189,16,1
189,17,1
189,18,1
189,19,1
190,0,1
190,1,1
190,2,1
190,3,1
190,4,1
190,5,1
190,6,1
190,7,1
190,8,1
190,9,1
190,10,1
190,11,1
190,12,1
190,13,1
190,14,1
190,15,0
190,16,1
190,17,0
190,18,1
190,19,1
191,0,1
191,1,1
191,2,1
191,3,1
191,4,1
191,5,1
191,6,1
191,7,1
191,8,1
191,9,1
191,10,1
191,11,1
191,12,0
191,13,1
191,14,1
191,15,1
191,16,1
191,17,1
191,18,1
191,19,1
192,0,1
192,1,1
192,2,1
192,3,0
192,4,1
192,5,1
192,6,1
192,7,0
192,8,1
192,9,1
192,10,1
192,11,1
192,12,1
192,13,1
192,14,1
192,15,1
192,16,1
192,17,1
192,18,1
192,19,1
193,0,0
193,1,0
193,2,0
193,3,0
193,4,0
193,5,1
193,6,0
193,7,0
193,8,0
193,9,0
193,10,0
193,11,1
193,12,0
193,13,0
193,14,0
193,15,1
193,16,1
193,17,1
193,18,0
193,19,1
194,0,0
194,1,0
194,2,0
194,3,0
194,4,1
194,5,0
194,6,0
194,7,1
194,8,1
194,9,0
194,10,0
194,11,0
194,12,0
194,13,0
194,14,0
194,15,1
194,16,0
194,17,0
194,18,0
194,19,0
195,0,1
195,1,1
195,2,1
195,3,1
195,4,1
195,5,1
195,6,1
195,7,1
195,8,1
195,9,1
195,10,1
195,11,1
195,12,0
195,13,1
195,14,1
195,15,1
195,16,1
195,17,1
195,18,1
195,19,1
196,0,1
196,1,1
196,2,1
196,3,1
196,4,1
196,5,1
196,6,1
196,7,1
196,8,1
196,9,1
196,10,1
196,11,1
196,12,1
196,13,1
196,14,0
196,15,1
196,16,1
196,17,1
196,18,1
196,19,1
197,0,1
197,1,1
197,2,1
197,3,1
197,4,1
197,5,1
197,6,1
197,7,1
197,8,1
197,9,1
197,10,1
197,11,1
197,12,1
197,13,1
197,14,1
197,15,1
197,16,1
197,17,1
197,18,1
197,19,1
198,0,1
198,1,1
198,2,1
198,3,1
198,4,0
198,5,1
198,6,1
198,7,1
198,8,1
198,9,1
198,10,1
198,11,1
198,12,1
198,13,1
198,14,1
198,15,1
198,16,1
198,17,1
198,18,1
198,19,1
199,0,1
199,1,0
199,2,1
199,3,0
199,4,0
199,5,1
199,6,0
199,7,0
199,8,0
199,9,0
199,10,0
199,11,1
199,12,0
199,13,0
199,14,1
199,15,0
199,16,0
199,17,0
199,18,0
199,19,0
200,0,1
200,1,1
200,2,1
200,3,1
200,4,1
200,5,1
200,6,1
200,7,1
200,8,1
200,9,1
200,10,1
200,11,1
200,12,1
200,13,1
200,14,1
200,15,1
200,16,1
200,17,1
200,18,1
200,19,1
201,0,0
201,1,1
201,2,1
201,3,1
201,4,1
201,5,1
201,6,1
201,7,1
201,8,1
201,9,1
201,10,1
201,11,1
201,12,1
201,13,1
201,14,1
201,15,1
201,16,1
201,17,0
201,18,1
201,19,1
202,0,1
202,1,1
202,2,1
202,3,0
202,4,1
202,5,1
202,6,1
202,7,1
202,8,0
202,9,1
202,10,1
202,11,1
202,12,0
202,13,1
202,14,1
202,15,1
202,16,0
202,17,0
202,18,1
202,19,1
203,0,1
203,1,1
203,2,0
203,3,1
203,4,1
203,5,1
203,6,1
203,7,1
203,8,1
203,9,1
203,10,1
203,11,1
203,12,1
203,13,1
203,14,1
203,15,1
203,16,1
203,17,1
203,18,1
203,19,1
204,0,0
204,1,0
204,2,0
204,3,1
204,4,0
204,5,1
204,6,0
204,7,1
204,8,0
204,9,0
204,10,1
204,11,1
204,12,0
204,13,1
204,14,0
204,15,1
204,16,1
204,17,1
204,18,0
204,19,0
205,0,0
205,1,0
205,2,0
205,3,0
205,4,1
205,5,1
205,6,0
205,7,1
205,8,1
205,9,1
205,10,1
205,11,1
205,12,0
205,13,1
205,14,1
205,15,1
205,16,1
205,17,1
205,18,0
205,19,1
206,0,1
206,1,1
206,2,1
206,3,1
206,4,0
206,5,1
206,6,0
206,7,1
206,8,0
206,9,0
206,10,1
206,11,1
206,12,1
206,13,1
206,14,1
206,15,1
206,16,0
206,17,1
206,18,0
206,19,1
207,0,1
207,1,1
207,2,1
207,3,1
207,4,1
207,5,1
207,6,1
207,7,1
207,8,1
207,9,0
207,10,0
207,11,0
207,12,0
207,13,0
207,14,0
207,15,0
207,16,0
207,17,0
207,18,0
207,19,0
208,0,1
208,1,1
208,2,1
208,3,1
208,4,1
208,5,1
208,6,1
208,7,1
208,8,1
208,9,1
208,10,1
208,11,1
208,12,0
208,13,1
208,14,1
208,15,0
208,16,1
208,17,1
208,18,1
208,19,1
209,0,1
209,1,1
209,2,1
209,3,1
209,4,1
209,5,1
209,6,1
209,7,1
209,8,1
209,9,1
209,10,1
209,11,1
209,12,1
209,13,1
209,14,1
209,15,1
209,16,1
209,17,1
209,18,1
209,19,1
210,0,0
210,1,0
210,2,0
210,3,1
210,4,0
210,5,0
210,6,0
210,7,1
210,8,1
210,9,0
210,10,0
210,11,0
210,12,0
210,13,1
210,14,0
210,15,1
210,16,0
210,17,0
210,18,0
210,19,0
211,0,0
211,1,1
211,2,1
211,3,1
211,4,1
211,5,1
211,6,0
211,7,1
211,8,0
211,9,0
211,10,0
211,11,1
211,12,0
211,13,1
211,14,1
211,15,1
211,16,0
211,17,0
211,18,1
211,19,0
212,0,1
212,1,1
212,2,1
212,3,1
212,4,1
212,5,1
212,6,1
212,7,1
212,8,1
212,9,1
212,10,1
212,11,1
212,12,1
212,13,1
212,14,1
212,15,1
212,16,1
212,17,1
212,18,1
212,19,1
213,0,0
213,1,1
213,2,1
213,3,1
213,4,1
213,5,1
213,6,1
213,7,1
213,8,1
213,9,1
213,10,1
213,11,1
213,12,1
213,13,1
213,14,1
213,15,1
213,16,1
213,17,1
213,18,1
213,19,1
214,0,1
214,1,1
214,2,0
214,3,0
214,4,1
214,5,1
214,6,0
214,7,0
214,8,1
214,9,0
214,10,0
214,11,0
214,12,0
214,13,0
214,14,0
214,15,0
214,16,0
214,17,0
214,18,0
214,19,0
215,0,1
215,1,1
215,2,1
215,3,1
215,4,1
215,5,1
215,6,1
215,7,1
215,8,1
215,9,1
215,10,1
215,11,1
215,12,1
215,13,1
215,14,1
215,15,1
215,16,1
215,17,1
215,18,1
215,19,1
216,0,0
216,1,0
216,2,0
216,3,0
216,4,0
216,5,0
216,6,0
216,7,1
216,8,0
216,9,0
216,10,0
216,11,0
216,12,0
216,13,0
216,14,0
216,15,0
216,16,0
216,17,0
216,18,0
216,19,0
217,0,1
217,1,1
217,2,0
217,3,1
217,4,1
217,5,1
217,6,1
217,7,1
217,8,1
217,9,1
217,10,1
217,11,1
217,12,0
217,13,1
217,14,1
217,15,1
217,16,1
217,17,1
217,18,1
217,19,1
218,0,1
218,1,1
218,2,1
218,3,0
218,4,1
218,5,0
218,6,1
218,7,0
218,8,1
218,9,1
218,10,0
218,11,1
218,12,1
218,13,1
218,14,1
218,15,0
218,16,0
218,17,0
218,18,0
218,19,0
219,0,1
219,1,1
219,2,0
219,3,1
219,4,0
219,5,1
219,6,0
219,7,1
219,8,0
219,9,1
219,10,1
219,11,1
219,12,0
219,13,1
219,14,0
219,15,0
219,16,1
219,17,0
219,18,1
219,19,1
220,0,0
220,1,0
220,2,0
220,3,1
220,4,0
220,5,1
220,6,1
220,7,1
220,8,0
220,9,0
220,10,1
220,11,1
220,12,0
220,13,1
220,14,1
220,15,1
220,16,1
220,17,1
220,18,0
220,19,0
221,0,1
221,1,1
221,2,1
221,3,0
221,4,0
221,5,1
221,6,1
221,7,1
221,8,1
221,9,1
221,10,1
221,11,1
221,12,0
221,13,1
221,14,1
221,15,1
221,16,1
221,17,1
221,18,0
221,19,0
222,0,1
222,1,1
222,2,1
222,3,1
222,4,1
222,5,1
222,6,1
222,7,1
222,8,1
222,9,1
222,10,1
222,11,1
222,12,1
222,13,1
222,14,1
222,15,1
222,16,1
222,17,1
222,18,1
222,19,1
223,0,0
223,1,0
223,2,0
223,3,0
223,4,0
223,5,0
223,6,0
223,7,0
223,8,1
223,9,0
223,10,0
223,11,0
223,12,0
223,13,0
223,14,0
223,15,0
223,16,0
223,17,0
223,18,0
223,19,0
224,0,1
224,1,1
224,2,1
224,3,1
224,4,1
224,5,1
224,6,1
224,7,1
224,8,1
224,9,1
224,10,1
224,11,1
224,12,1
224,13,1
224,14,0
224,15,1
224,16,1
224,17,1
224,18,0
224,19,1
225,0,0
225,1,0
225,2,0
225,3,1
225,4,0
225,5,1
225,6,0
225,7,1
225,8,0
225,9,0
225,10,1
225,11,1
225,12,0
225,13,0
225,14,0
225,15,1
225,16,0
225,17,0
225,18,0
225,19,0
226,0,0
226,1,0
226,2,0
226,3,0
226,4,0
226,5,0
226,6,0
226,7,0
226,8,0
226,9,0
226,10,0
226,11,0
226,12,0
226,13,0
226,14,0
226,15,0
226,16,0
226,17,0
226,18,0
226,19,0
227,0,0
227,1,0
227,2,0
227,3,0
227,4,0
227,5,1
227,6,0
227,7,0
227,8,0
227,9,0
227,10,0
227,11,1
227,12,0
227,13,0
227,14,0
227,15,0
227,16,0
227,17,1
227,18,0
227,19,0
228,0,1
228,1,1
228,2,1
228,3,1
228,4,1
228,5,1
228,6,1
228,7,0
228,8,1
228,9,0
228,10,1
228,11,1
228,12,1
228,13,1
228,14,1
228,15,1
228,16,1
228,17,1
228,18,1
228,19,1
229,0,1
229,1,1
229,2,1
229,3,0
229,4,1
229,5,1
229,6,1
229,7,1
229,8,1
229,9,0
229,10,0
229,11,1
229,12,0
229,13,1
229,14,0
229,15,0
229,16,1
229,17,1
229,18,0
229,19,0
230,0,0
230,1,0
230,2,0
230,3,0
230,4,0
230,5,0
230,6,0
230,7,0
230,8,0
230,9,0
230,10,0
230,11,0
230,12,0
230,13,0
230,14,0
230,15,0
230,16,0
230,17,0
230,18,0
230,19,0
231,0,1
231,1,1
231,2,1
231,3,1
231,4,0
231,5,1
231,6,1
231,7,1
231,8,1
231,9,1
231,10,1
231,11,1
231,12,0
231,13,1
231,14,0
231,15,1
231,16,0
231,17,1
231,18,0
231,19,0
232,0,0
232,1,0
232,2,0
232,3,0
232,4,0
232,5,1
232,6,0
232,7,0
232,8,1
232,9,0
232,10,0
232,11,1
232,12,0
232,13,1
232,14,0
232,15,1
232,16,0
232,17,0
232,18,0
232,19,0
233,0,0
233,1,1
233,2,0
233,3,1
233,4,0
233,5,1
233,6,1
233,7,1
233,8,0
233,9,1
233,10,1
233,11,1
233,12,1
233,13,1
233,14,1
233,15,1
233,16,1
233,17,1
233,18,1
233,19,1
234,0,1
234,1,1
234,2,0
234,3,0
234,4,0
234,5,1
234,6,0
234,7,0
234,8,1
234,9,0
234,10,0
234,11,1
234,12,0
234,13,0
234,14,0
234,15,0
234,16,0
234,17,0
234,18,0
234,19,0
235,0,1
235,1,1
235,2,1
235,3,1
235,4,0
235,5,1
235,6,1
235,7,1
235,8,0
235,9,1
235,10,0
235,11,0
235,12,0
235,13,0
235,14,0
235,15,0
235,16,0
235,17,0
235,18,0
235,19,0
236,0,1
236,1,1
236,2,1
236,3,1
236,4,0
236,5,1
236,6,1
236,7,0
236,8,1
236,9,0
236,10,0
236,11,1
236,12,0
236,13,0
236,14,1
236,15,1
236,16,0
236,17,0
236,18,0
236,19,0
237,0,1
237,1,1
237,2,0
237,3,1
237,4,1
237,5,1
237,6,1
237,7,1
237,8,1
237,9,1
237,10,1
237,11,1
237,12,1
237,13,1
237,14,1
237,15,1
237,16,1
237,17,1
237,18,1
237,19,1
238,0,0
238,1,0
238,2,0
238,3,1
238,4,0
238,5,0
238,6,0
238,7,0
238,8,0
238,9,1
238,10,1
238,11,1
238,12,0
238,13,1
238,14,0
238,15,0
238,16,1
238,17,1
238,18,0
238,19,1
239,0,1
239,1,1
239,2,0
239,3,0
239,4,0
239,5,1
239,6,0
239,7,1
239,8,1
239,9,0
239,10,0
239,11,1
239,12,0
239,13,0
239,14,0
239,15,0
239,16,0
239,17,0
239,18,0
239,19,0
240,0,1
240,1,1
240,2,1
240,3,1
240,4,1
240,5,1
240,6,0
240,7,1
240,8,1
240,9,1
240,10,1
240,11,0
240,12,1
240,13,1
240,14,1
240,15,1
240,16,1
240,17,1
240,18,0
240,19,1
241,0,1
241,1,1
241,2,1
241,3,0
241,4,0
241,5,1
241,6,1
241,7,0
241,8,1
241,9,0
241,10,0
241,11,1
241,12,1
241,13,1
241,14,0
241,15,1
241,16,1
241,17,1
241,18,0
241,19,0
242,0,1
242,1,1
242,2,1
242,3,1
242,4,0
242,5,1
242,6,0
242,7,1
242,8,0
242,9,1
242,10,1
242,11,1
242,12,0
242,13,1
242,14,0
242,15,1
242,16,1
242,17,1
242,18,0
242,19,1
243,0,0
243,1,0
243,2,0
243,3,0
243,4,0
243,5,1
243,6,0
243,7,1
243,8,1
243,9,0
243,10,0
243,11,1
243,12,0
243,13,1
243,14,0
243,15,1
243,16,0
243,17,0
243,18,0
243,19,0
244,0,1
244,1,1
244,2,1
244,3,1
244,4,1
244,5,1
244,6,1
244,7,1
244,8,0
244,9,1
244,10,1
244,11,1
244,12,1
244,13,1
244,14,1
244,15,1
244,16,1
244,17,1
244,18,1
244,19,1
245,0,0
245,1,0
245,2,0
245,3,0
245,4,0
245,5,0
245,6,0
245,7,1
245,8,0
245,9,0
245,10,0
245,11,0
245,12,0
245,13,0
245,14,0
245,15,0
245,16,0
245,17,0
245,18,0
245,19,0
246,0,1
246,1,1
246,2,0
246,3,1
246,4,1
246,5,1
246,6,0
246,7,1
246,8,1
246,9,0
246,10,1
246,11,1
246,12,1
246,13,1
246,14,1
246,15,1
246,16,1
246,17,1
246,18,1
246,19,1
247,0,1
247,1,1
247,2,1
247,3,1
247,4,1
247,5,1
247,6,1
247,7,1
247,8,1
247,9,1
247,10,1
247,11,1
247,12,1
247,13,1
247,14,1
247,15,1
247,16,1
247,17,0
247,18,0
247,19,1
248,0,0
248,1,0
248,2,0
248,3,0
248,4,0
248,5,1
248,6,0
248,7,1
248,8,0
248,9,0
248,10,0
248,11,0
248,12,0
248,13,0
248,14,0
248,15,0
248,16,0
248,17,0
248,18,0
248,19,0
249,0,0
249,1,0
249,2,0
249,3,0
249,4,0
249,5,1
249,6,0
249,7,1
249,8,1
249,9,0
249,10,0
249,11,0
249,12,0
249,13,0
249,14,0
249,15,1
249,16,0
249,17,0
249,18,0
249,19,0
250,0,0
250,1,0
250,2,0
250,3,1
250,4,0
250,5,0
250,6,0
250,7,1
250,8,0
250,9,0
250,10,0
250,11,0
250,12,0
250,13,0
250,14,0
250,15,0
250,16,0
250,17,0
250,18,0
250,19,0
251,0,1
251,1,1
251,2,1
251,3,0
251,4,1
251,5,1
251,6,0
251,7,1
251,8,0
251,9,0
251,10,0
251,11,1
251,12,0
251,13,1
251,14,1
251,15,1
251,16,0
251,17,0
251,18,1
251,19,0
252,0,0
252,1,0
252,2,0
252,3,1
252,4,0
252,5,0
252,6,0
252,7,1
252,8,0
252,9,0
252,10,0
252,11,0
252,12,0
252,13,0
252,14,1
252,15,0
252,16,0
252,17,0
252,18,0
252,19,0
253,0,1
253,1,1
253,2,1
253,3,1
253,4,1
253,5,1
253,6,1
253,7,1
253,8,1
253,9,0
253,10,1
253,11,1
253,12,1
253,13,0
253,14,1
253,15,1
253,16,1
253,17,1
253,18,1
253,19,1
254,0,1
254,1,0
254,2,0
254,3,0
254,4,0
254,5,0
254,6,0
254,7,0
254,8,1
254,9,0
254,10,0
254,11,0
254,12,0
254,13,1
254,14,0
254,15,1
254,16,0
254,17,1
254,18,0
254,19,0
255,0,1
255,1,1
255,2,0
255,3,1
255,4,1
255,5,1
255,6,1
255,7,1
255,8,1
255,9,1
255,10,1
255,11,1
255,12,1
255,13,1
255,14,0
255,15,1
255,16,0
255,17,1
255,18,1
255,19,1
256,0,1
256,1,1
256,2,1
256,3,1
256,4,1
256,5,1
256,6,1
256,7,1
256,8,1
256,9,1
256,10,1
256,11,1
256,12,1
256,13,1
256,14,1
256,15,1
256,16,1
256,17,1
256,18,1
256,19,1
257,0,1
257,1,1
257,2,1
257,3,1
257,4,1
257,5,1
257,6,1
257,7,1
257,8,1
257,9,1
257,10,1
257,11,0
257,12,1
257,13,1
257,14,1
257,15,0
257,16,1
257,17,1
257,18,1
257,19,1
258,0,1
258,1,1
258,2,1
258,3,1
258,4,0
258,5,1
258,6,0
258,7,1
258,8,0
258,9,0
258,10,1
258,11,1
258,12,0
258,13,1
258,14,0
258,15,0
258,16,1
258,17,1
258,18,0
258,19,1
259,0,1
259,1,0
259,2,0
259,3,0
259,4,1
259,5,1
259,6,1
259,7,1
259,8,1
259,9,1
259,10,1
259,11,1
259,12,0
259,13,1
259,14,1
259,15,1
259,16,1
259,17,1
259,18,0
259,19,1
260,0,0
260,1,0
260,2,0
260,3,0
260,4,0
260,5,1
260,6,0
260,7,0
260,8,1
260,9,0
260,10,0
260,11,0
260,12,0
260,13,1
260,14,0
260,15,0
260,16,0
260,17,0
260,18,0
260,19,0
261,0,0
261,1,0
261,2,0
261,3,1
261,4,1
261,5,1
261,6,1
261,7,1
261,8,1
261,9,1
261,10,1
261,11,1
261,12,1
261,13,1
261,14,1
261,15,1
261,16,1
261,17,0
261,18,1
261,19,1
262,0,0
262,1,0
262,2,0
262,3,0
262,4,0
262,5,1
262,6,0
262,7,0
262,8,1
262,9,0
262,10,0
262,11,1
262,12,0
262,13,1
262,14,0
262,15,1
262,16,0
262,17,1
262,18,0
262,19,0
263,0,0
263,1,0
263,2,0
263,3,0
263,4,0
263,5,1
263,6,0
263,7,0
263,8,0
263,9,0
263,10,0
263,11,1
263,12,0
263,13,0
263,14,0
263,15,0
263,16,0
263,17,0
263,18,0
263,19,0
264,0,0
264,1,0
264,2,0
264,3,0
264,4,0
264,5,0
264,6,0
264,7,1
264,8,1
264,9,0
264,10,0
264,11,0
264,12,0
264,13,0
264,14,0
264,15,1
264,16,1
264,17,0
264,18,0
264,19,0
265,0,1
265,1,1
265,2,1
265,3,1
265,4,1
265,5,1
265,6,1
265,7,1
265,8,1
265,9,1
265,10,1
265,11,1
265,12,0
265,13,1
265,14,1
265,15,1
265,16,1
265,17,1
265,18,0
265,19,1
266,0,1
266,1,1
266,2,1
266,3,1
266,4,1
266,5,1
266,6,1
266,7,1
266,8,1
266,9,1
266,10,1
266,11,1
266,12,0
266,13,1
266,14,1
266,15,1
266,16,1
266,17,1
266,18,1
266,19,1
267,0,1
267,1,1
267,2,1
267,3,1
267,4,0
267,5,1
267,6,0
267,7,1
267,8,1
267,9,0
267,10,0
267,11,0
267,12,0
267,13,0
267,14,0
267,15,1
267,16,1
267,17,0
267,18,0
267,19,0
268,0,1
268,1,1
268,2,1
268,3,0
268,4,0
268,5,1
268,6,0
268,7,1
268,8,1
268,9,0
268,10,1
268,11,1
268,12,1
268,13,1
268,14,0
268,15,1
268,16,0
268,17,1
268,18,1
268,19,0
269,0,1
269,1,1
269,2,1
269,3,1
269,4,1
269,5,1
269,6,1
269,7,1
269,8,1
269,9,0
269,10,1
269,11,0
269,12,0
269,13,1
269,14,1
269,15,1
269,16,1
269,17,1
269,18,1
269,19,1
270,0,0
270,1,0
270,2,0
270,3,0
270,4,1
270,5,1
270,6,0
270,7,1
270,8,1
270,9,0
270,10,0
270,11,0
270,12,0
270,13,1
270,14,0
270,15,1
270,16,0
270,17,0
270,18,0
270,19,0
271,0,1
271,1,1
271,2,0
271,3,1
271,4,0
271,5,0
271,6,0
271,7,1
271,8,1
271,9,1
271,10,1
271,11,1
271,12,1
271,13,1
271,14,0
271,15,1
271,16,0
271,17,1
271,18,0
271,19,1
272,0,1
272,1,1
272,2,1
272,3,1
272,4,1
272,5,1
272,6,1
272,7,1
272,8,1
272,9,1
272,10,1
272,11,1
272,12,1
272,13,1
272,14,1
272,15,1
272,16,1
272,17,1
272,18,1
272,19,0
273,0,1
273,1,1
273,2,0
273,3,1
273,4,1
273,5,1
273,6,0
273,7,1
273,8,0
273,9,1
273,10,0
273,11,0
273,12,0
273,13,0
273,14,0
273,15,0
273,16,0
273,17,0
273,18,0
273,19,0
274,0,1
274,1,1
274,2,1
274,3,1
274,4,1
274,5,1
274,6,1
274,7,1
274,8,1
274,9,1
274,10,1
274,11,1
274,12,1
274,13,1
274,14,1
274,15,1
274,16,1
274,17,1
274,18,1
274,19,1
275,0,1
275,1,1
275,2,0
275,3,0
275,4,1
275,5,1
275,6,1
275,7,0
275,8,0
275,9,0
275,10,0
275,11,1
275,12,0
275,13,1
275,14,1
275,15,1
275,16,0
275,17,0
275,18,0
275,19,0
276,0,1
276,1,1
276,2,1
276,3,1
276,4,1
276,5,1
276,6,0
276,7,1
276,8,1
276,9,1
276,10,1
276,11,1
276,12,1
276,13,1
276,14,1
276,15,1
276,16,1
276,17,1
276,18,0
276,19,0
277,0,1
277,1,1
277,2,1
277,3,1
277,4,1
277,5,1
277,6,1
277,7,1
277,8,1
277,9,1
277,10,1
277,11,1
277,12,1
277,13,1
277,14,1
277,15,1
277,16,1
277,17,1
277,18,1
277,19,1
278,0,1
278,1,1
278,2,1
278,3,1
278,4,1
278,5,1
278,6,1
278,7,1
278,8,1
278,9,1
278,10,1
278,11,1
278,12,0
278,13,1
278,14,1
278,15,1
278,16,1
278,17,1
278,18,1
278,19,1
279,0,1
279,1,1
279,2,1
279,3,1
279,4,1
279,5,1
279,6,1
279,7,1
279,8,1
279,9,1
279,10,1
279,11,1
279,12,1
279,13,1
279,14,1
279,15,1
279,16,1
279,17,1
279,18,1
279,19,1
280,0,1
280,1,1
280,2,1
280,3,1
280,4,1
280,5,1
280,6,1
280,7,1
280,8,1
280,9,1
280,10,1
280,11,1
280,12,1
280,13,1
280,14,1
280,15,1
280,16,1
280,17,1
280,18,0
280,19,1
281,0,1
281,1,1
281,2,1
281,3,1
281,4,1
281,5,1
281,6,1
281,7,1
281,8,1
281,9,1
281,10,1
281,11,1
281,12,1
281,13,1
281,14,1
281,15,1
281,16,1
281,17,1
281,18,1
281,19,1
282,0,0
282,1,0
282,2,0
282,3,1
282,4,0
282,5,1
282,6,1
282,7,1
282,8,1
282,9,1
282,10,1
282,11,1
282,12,0
282,13,1
282,14,1
282,15,1
282,16,0
282,17,1
282,18,1
282,19,1
283,0,1
283,1,1
283,2,1
283,3,1
283,4,1
283,5,1
283,6,1
283,7,1
283,8,1
283,9,1
283,10,1
283,11,1
283,12,1
283,13,1
283,14,1
283,15,1
283,16,1
283,17,0
283,18,1
283,19,1
284,0,0
284,1,1
284,2,1
284,3,0
284,4,0
284,5,0
284,6,1
284,7,1
284,8,1
284,9,1
284,10,1
284,11,0
284,12,1
284,13,1
284,14,1
284,15,0
284,16,1
284,17,0
284,18,1
284,19,1
285,0,1
285,1,0
285,2,1
285,3,1
285,4,0
285,5,0
285,6,0
285,7,1
285,8,0
285,9,0
285,10,0
285,11,0
285,12,0
285,13,0
285,14,0
285,15,0
285,16,0
285,17,0
285,18,0
285,19,0
286,0,0
286,1,1
286,2,1
286,3,1
286,4,1
286,5,1
286,6,1
286,7,0
286,8,0
286,9,1
286,10,1
286,11,1
286,12,0
286,13,1
286,14,1
286,15,1
286,16,1
286,17,1
286,18,1
286,19,0
287,0,1
287,1,1
287,2,0
287,3,1
287,4,1
287,5,1
287,6,1
287,7,1
287,8,1
287,9,1
287,10,1
287,11,1
287,12,1
287,13,1
287,14,1
287,15,1
287,16,1
287,17,1
287,18,0
287,19,1
288,0,1
288,1,1
288,2,0
288,3,1
288,4,1
288,5,1
288,6,0
288,7,1
288,8,0
288,9,0
288,10,1
288,11,1
288,12,1
288,13,1
288,14,0
288,15,1
288,16,1
288,17,1
288,18,0
288,19,1
289,0,1
289,1,1
289,2,1
289,3,1
289,4,0
289,5,1
289,6,0
289,7,1
289,8,1
289,9,1
289,10,1
289,11,1
289,12,1
289,13,1
289,14,1
289,15,1
289,16,1
289,17,1
289,18,1
289,19,1
290,0,0
290,1,0
290,2,0
290,3,0
290,4,0
290,5,0
290,6,0
290,7,0
290,8,0
290,9,0
290,10,0
290,11,0
290,12,0
290,13,0
290,14,0
290,15,0
290,16,0
290,17,0
290,18,0
290,19,0
291,0,1
291,1,1
291,2,1
291,3,0
291,4,1
291,5,1
291,6,0
291,7,0
291,8,0
291,9,0
291,10,0
291,11,0
291,12,0
291,13,1
291,14,0
291,15,1
291,16,0
291,17,0
291,18,0
291,19,0
292,0,0
292,1,0
292,2,0
292,3,1
292,4,1
292,5,1
292,6,1
292,7,0
292,8,0
292,9,0
292,10,0
292,11,1
292,12,0
292,13,1
292,14,1
292,15,1
292,16,1
292,17,0
292,18,0
292,19,0
293,0,0
293,1,0
293,2,0
293,3,0
293,4,0
293,5,1
293,6,0
293,7,0
293,8,1
293,9,0
293,10,0
293,11,1
293,12,0
293,13,1
293,14,0
293,15,1
293,16,0
293,17,0
293,18,0
293,19,0
294,0,1
294,1,1
294,2,1
294,3,1
294,4,1
294,5,1
294,6,0
294,7,1
294,8,1
294,9,1
294,10,1
294,11,1
294,12,1
294,13,1
294,14,1
294,15,1
294,16,1
294,17,1
294,18,1
294,19,1
295,0,0
295,1,0
295,2,0
295,3,1
295,4,0
295,5,1
295,6,0
295,7,1
295,8,0
295,9,0
295,10,0
295,11,0
295,12,0
295,13,0
295,14,0
295,15,0
295,16,0
295,17,0
295,18,0
295,19,0
296,0,0
296,1,0
296,2,0
296,3,0
296,4,0
296,5,0
296,6,0
296,7,1
296,8,0
296,9,1
296,10,0
296,11,0
296,12,0
296,13,0
296,14,0
296,15,0
296,16,0
296,17,0
296,18,0
296,19,0
297,0,0
297,1,0
297,2,0
297,3,0
297,4,0
297,5,1
297,6,1
297,7,1
297,8,1
297,9,0
297,10,1
297,11,0
297,12,0
297,13,1
297,14,1
297,15,1
297,16,1
297,17,1
297,18,1
297,19,1
298,0,0
298,1,1
298,2,0
298,3,1
298,4,0
298,5,1
298,6,0
298,7,0
298,8,0
298,9,0
298,10,0
298,11,0
298,12,0
298,13,0
298,14,0
298,15,0
298,16,0
298,17,0
298,18,0
298,19,0
299,0,1
299,1,1
299,2,1
299,3,1
299,4,1
299,5,1
299,6,1
299,7,1
299,8,1
299,9,1
299,10,1
299,11,0
299,12,0
299,13,1
299,14,1
299,15,1
299,16,1
299,17,1
299,18,1
299,19,1
300,0,1
300,1,1
300,2,1
300,3,1
300,4,1
300,5,1
300,6,1
300,7,1
300,8,1
300,9,1
300,10,1
300,11,1
300,12,0
300,13,1
300,14,1
300,15,1
300,16,1
300,17,1
300,18,1
300,19,1
301,0,1
301,1,1
301,2,1
301,3,1
301,4,1
301,5,1
301,6,1
301,7,1
301,8,1
301,9,1
301,10,1
301,11,1
301,12,1
301,13,1
301,14,0
301,15,1
301,16,1
301,17,1
301,18,1
301,19,1
302,0,1
302,1,1
302,2,1
302,3,1
302,4,0
302,5,1
302,6,1
302,7,1
302,8,1
302,9,0
302,10,1
302,11,1
302,12,1
302,13,1
302,14,0
302,15,1
302,16,0
302,17,1
302,18,0
302,19,0
303,0,1
303,1,1
303,2,1
303,3,0
303,4,1
303,5,1
303,6,1
303,7,1
303,8,0
303,9,0
303,10,0
303,11,0
303,12,0
303,13,0
303,14,0
303,15,0
303,16,0
303,17,0
303,18,0
303,19,0
304,0,1
304,1,1
304,2,1
304,3,1
304,4,1
304,5,1
304,6,1
304,7,1
304,8,0
304,9,1
304,10,1
304,11,1
304,12,1
304,13,1
304,14,1
304,15,1
304,16,1
304,17,0
304,18,1
304,19,1
305,0,1
305,1,1
305,2,1
305,3,0
305,4,1
305,5,1
305,6,0
305,7,0
305,8,1
305,9,1
305,10,0
305,11,1
305,12,1
305,13,1
305,14,1
305,15,1
305,16,1
305,17,0
305,18,0
305,19,1
306,0,1
306,1,1
306,2,0
306,3,0
306,4,1
306,5,1
306,6,0
306,7,0
306,8,0
306,9,0
306,10,0
306,11,1
306,12,0
306,13,1
306,14,0
306,15,0
306,16,0
306,17,0
306,18,0
306,19,0
307,0,1
307,1,0
307,2,0
307,3,0
307,4,0
307,5,1
307,6,0
307,7,1
307,8,1
307,9,0
307,10,0
307,11,1
307,12,0
307,13,1
307,14,0
307,15,0
307,16,0
307,17,1
307,18,0
307,19,0
308,0,0
308,1,0
308,2,0
308,3,0
308,4,1
308,5,0
308,6,0
308,7,1
308,8,1
308,9,0
308,10,0
308,11,0
308,12,0
308,13,0
308,14,0
308,15,0
308,16,0
308,17,0
308,18,0
308,19,0
309,0,0
309,1,0
309,2,0
309,3,0
309,4,0
309,5,1
309,6,0
309,7,1
309,8,1
309,9,0
309,10,0
309,11,1
309,12,0
309,13,1
309,14,0
309,15,0
309,16,0
309,17,1
309,18,0
309,19,0
310,0,1
310,1,1
310,2,1
310,3,0
310,4,1
310,5,1
310,6,1
310,7,1
310,8,1
310,9,0
310,10,0
310,11,1
310,12,0
310,13,1
310,14,1
310,15,1
310,16,0
310,17,0
310,18,0
310,19,0
311,0,0
311,1,0
311,2,0
311,3,0
311,4,1
311,5,0
311,6,0
311,7,0
311,8,1
311,9,0
311,10,0
311,11,0
311,12,0
311,13,0
311,14,0
311,15,0
311,16,0
311,17,0
311,18,0
311,19,0
312,0,1
312,1,1
312,2,1
312,3,1
312,4,0
312,5,1
312,6,0
312,7,1
312,8,1
312,9,0
312,10,1
312,11,1
312,12,1
312,13,1
312,14,1
312,15,1
312,16,1
312,17,1
312,18,0
312,19,0
313,0,0
313,1,1
313,2,0
313,3,0
313,4,1
313,5,0
313,6,0
313,7,1
313,8,1
313,9,0
313,10,0
313,11,1
313,12,0
313,13,1
313,14,0
313,15,1
313,16,0
313,17,0
313,18,0
313,19,0
314,0,1
314,1,1
314,2,1
314,3,1
314,4,0
314,5,1
314,6,1
314,7,1
314,8,1
314,9,1
314,10,0
314,11,1
314,12,0
314,13,1
314,14,1
314,15,1
314,16,1
314,17,1
314,18,1
314,19,1
315,0,1
315,1,1
315,2,1
315,3,0
315,4,0
315,5,1
315,6,0
315,7,1
315,8,1
315,9,0
315,10,0
315,11,1
315,12,0
315,13,1
315,14,0
315,15,0
315,16,0
315,17,0
315,18,0
315,19,0
316,0,0
316,1,0
316,2,0
316,3,0
316,4,0
316,5,1
316,6,0
316,7,1
316,8,1
316,9,0
316,10,0
316,11,1
316,12,0
316,13,1
316,14,0
316,15,1
316,16,1
316,17,0
316,18,0
316,19,0
317,0,1
317,1,1
317,2,1
317,3,1
317,4,1
317,5,1
317,6,1
317,7,1
317,8,0
317,9,0
317,10,0
317,11,1
317,12,0
317,13,1
317,14,1
317,15,1
317,16,1
317,17,1
317,18,1
317,19,0
318,0,1
318,1,1
318,2,1
318,3,1
318,4,1
318,5,1
318,6,1
318,7,1
318,8,1
318,9,0
318,10,1
318,11,1
318,12,0
318,13,1
318,14,1
318,15,0
318,16,1
318,17,1
318,18,1
318,19,1
319,0,0
319,1,0
319,2,0
319,3,0
319,4,1
319,5,1
319,6,0
319,7,0
319,8,1
319,9,0
319,10,0
319,11,1
319,12,0
319,13,1
319,14,0
319,15,1
319,16,0
319,17,0
319,18,0
319,19,0
320,0,1
320,1,1
320,2,1
320,3,0
320,4,1
320,5,1
320,6,0
320,7,1
320,8,0
320,9,0
320,10,0
320,11,1
320,12,0
320,13,0
320,14,0
320,15,1
320,16,0
320,17,0
320,18,0
320,19,0
321,0,1
321,1,1
321,2,1
321,3,1
321,4,1
321,5,1
321,6,0
321,7,1
321,8,1
321,9,0
321,10,1
321,11,1
321,12,1
321,13,1
321,14,1
321,15,1
321,16,1
321,17,1
321,18,1
321,19,1
322,0,1
322,1,1
322,2,1
322,3,1
322,4,1
322,5,1
322,6,1
322,7,1
322,8,1
322,9,1
322,10,1
322,11,1
322,12,0
322,13,1
322,14,1
322,15,1
322,16,1
322,17,1
322,18,1
322,19,1
323,0,1
323,1,1
323,2,1
323,3,1
323,4,0
323,5,1
323,6,0
323,7,1
323,8,0
323,9,0
323,10,1
323,11,1
323,12,1
323,13,1
323,14,1
323,15,1
323,16,1
323,17,1
323,18,0
323,19,1
324,0,1
324,1,1
324,2,1
324,3,1
324,4,1
324,5,1
324,6,0
324,7,1
324,8,1
324,9,1
324,10,1
324,11,1
324,12,1
324,13,1
324,14,1
324,15,1
324,16,1
324,17,1
324,18,0
324,19,1
325,0,0
325,1,0
325,2,0
325,3,0
325,4,0
325,5,1
325,6,0
325,7,0
325,8,1
325,9,0
325,10,0
325,11,1
325,12,0
325,13,1
325,14,0
325,15,1
325,16,0
325,17,1
325,18,0
325,19,0
326,0,0
326,1,0
326,2,0
326,3,1
326,4,0
326,5,0
326,6,0
326,7,1
326,8,0
326,9,0
326,10,0
326,11,0
326,12,0
326,13,0
326,14,0
326,15,0
326,16,0
326,17,0
326,18,0
326,19,0
327,0,1
327,1,1
327,2,1
327,3,1
327,4,1
327,5,1
327,6,0
327,7,1
327,8,1
327,9,0
327,10,1
327,11,1
327,12,0
327,13,1
327,14,1
327,15,0
327,16,1
327,17,1
327,18,0
327,19,1
328,0,1
328,1,1
328,2,1
328,3,0
328,4,1
328,5,1
328,6,0
328,7,0
328,8,0
328,9,0
328,10,0
328,11,1
328,12,0
328,13,1
328,14,1
328,15,0
328,16,0
328,17,1
328,18,0
328,19,0
329,0,1
329,1,0
329,2,1
329,3,0
329,4,1
329,5,1
329,6,0
329,7,1
329,8,1
329,9,0
329,10,0
329,11,1
329,12,0
329,13,1
329,14,0
329,15,0
329,16,0
329,17,0
329,18,0
329,19,0
330,0,0
330,1,1
330,2,0
330,3,0
330,4,1
330,5,1
330,6,0
330,7,1
330,8,1
330,9,0
330,10,0
330,11,1
330,12,0
330,13,1
330,14,0
330,15,1
330,16,0
330,17,1
330,18,0
330,19,0
331,0,1
331,1,1
331,2,1
331,3,0
331,4,0
331,5,1
331,6,1
331,7,1
331,8,0
331,9,0
331,10,0
331,11,1
331,12,0
331,13,1
331,14,1
331,15,0
331,16,0
331,17,1
331,18,0
331,19,0
332,0,0
332,1,0
332,2,0
332,3,0
332,4,0
332,5,1
332,6,0
332,7,1
332,8,1
332,9,0
332,10,0
332,11,1
332,12,0
332,13,1
332,14,0
332,15,1
332,16,0
332,17,0
332,18,0
332,19,0
333,0,0
333,1,0
333,2,0
333,3,0
333,4,0
333,5,0
333,6,0
333,7,0
333,8,1
333,9,0
333,10,0
333,11,0
333,12,0
333,13,0
333,14,0
333,15,0
333,16,0
333,17,0
333,18,0
333,19,0
334,0,1
334,1,1
334,2,1
334,3,1
334,4,1
334,5,1
334,6,0
334,7,1
334,8,0
334,9,0
334,10,1
334,11,1
334,12,0
334,13,1
334,14,0
334,15,1
334,16,1
334,17,1
334,18,1
334,19,1
335,0,1
335,1,1
335,2,1
335,3,0
335,4,0
335,5,1
335,6,0
335,7,1
335,8,1
335,9,0
335,10,0
335,11,0
335,12,0
335,13,1
335,14,0
335,15,1
335,16,1
335,17,1
335,18,0
335,19,0
336,0,0
336,1,0
336,2,0
336,3,0
336,4,1
336,5,1
336,6,0
336,7,1
336,8,1
336,9,0
336,10,0
336,11,0
336,12,0
336,13,1
336,14,0
336,15,0
336,16,0
336,17,0
336,18,0
336,19,0
337,0,0
337,1,0
337,2,0
337,3,0
337,4,0
337,5,1
337,6,0
337,7,1
337,8,1
337,9,0
337,10,0
337,11,1
337,12,0
337,13,1
337,14,0
337,15,0
337,16,0
337,17,0
337,18,0
337,19,0
338,0,1
338,1,1
338,2,1
338,3,1
338,4,0
338,5,1
338,6,0
338,7,1
338,8,0
338,9,1
338,10,1
338,11,1
338,12,0
338,13,1
338,14,0
338,15,1
338,16,0
338,17,1
338,18,0
338,19,0
339,0,1
339,1,1
339,2,1
339,3,1
339,4,1
339,5,1
339,6,1
339,7,1
339,8,1
339,9,1
339,10,1
339,11,1
339,12,0
339,13,1
339,14,1
339,15,1
339,16,1
339,17,1
339,18,1
339,19,1
340,0,1
340,1,1
340,2,1
340,3,1
340,4,1
340,5,1
340,6,1
340,7,1
340,8,1
340,9,1
340,10,1
340,11,1
340,12,0
340,13,1
340,14,1
340,15,1
340,16,1
340,17,1
340,18,1
340,19,1
341,0,0
341,1,0
341,2,0
341,3,0
341,4,0
341,5,0
341,6,0
341,7,0
341,8,1
341,9,0
341,10,0
341,11,0
341,12,0
341,13,0
341,14,0
341,15,0
341,16,0
341,17,0
341,18,0
341,19,0
342,0,0
342,1,0
342,2,0
342,3,0
342,4,1
342,5,0
342,6,0
342,7,1
342,8,1
342,9,0
342,10,0
342,11,0
342,12,0
342,13,0
342,14,0
342,15,0
342,16,0
342,17,0
342,18,0
342,19,0
343,0,1
343,1,1
343,2,0
343,3,1
343,4,1
343,5,1
343,6,1
343,7,1
343,8,0
343,9,1
343,10,1
343,11,1
343,12,0
343,13,1
343,14,1
343,15,1
343,16,1
343,17,1
343,18,1
343,19,1
344,0,0
344,1,0
344,2,0
344,3,0
344,4,1
344,5,0
344,6,0
344,7,1
344,8,1
344,9,0
344,10,0
344,11,0
344,12,0
344,13,0
344,14,0
344,15,0
344,16,0
344,17,0
344,18,0
344,19,0
345,0,1
345,1,1
345,2,1
345,3,1
345,4,1
345,5,1
345,6,1
345,7,1
345,8,1
345,9,0
345,10,1
345,11,1
345,12,0
345,13,1
345,14,1
345,15,1
345,16,1
345,17,1
345,18,1
345,19,1
346,0,0
346,1,1
346,2,1
346,3,0
346,4,1
346,5,1
346,6,1
346,7,1
346,8,0
346,9,0
346,10,1
346,11,0
346,12,0
346,13,0
346,14,0
346,15,0
346,16,0
346,17,0
346,18,0
346,19,0
347,0,1
347,1,1
347,2,1
347,3,0
347,4,1
347,5,1
347,6,1
347,7,1
347,8,0
347,9,0
347,10,0
347,11,0
347,12,0
347,13,1
347,14,1
347,15,1
347,16,0
347,17,1
347,18,0
347,19,0
348,0,1
348,1,0
348,2,1
348,3,1
348,4,0
348,5,1
348,6,0
348,7,1
348,8,0
348,9,0
348,10,0
348,11,1
348,12,0
348,13,1
348,14,0
348,15,1
348,16,0
348,17,0
348,18,0
348,19,0
349,0,1
349,1,1
349,2,1
349,3,1
349,4,1
349,5,1
349,6,1
349,7,1
349,8,1
349,9,0
349,10,1
349,11,1
349,12,0
349,13,1
349,14,1
349,15,1
349,16,1
349,17,1
349,18,1
349,19,0
350,0,1
350,1,1
350,2,1
350,3,0
350,4,1
350,5,1
350,6,1
350,7,1
350,8,1
350,9,1
350,10,1
350,11,1
350,12,1
350,13,1
350,14,1
350,15,1
350,16,1
350,17,1
350,18,1
350,19,1
351,0,0
351,1,0
351,2,0
351,3,0
351,4,0
351,5,1
351,6,0
351,7,1
351,8,1
351,9,0
351,10,0
351,11,1
351,12,0
351,13,1
351,14,0
351,15,1
351,16,0
351,17,0
351,18,0
351,19,0
352,0,0
352,1,0
352,2,0
352,3,0
352,4,1
352,5,0
352,6,0
352,7,1
352,8,1
352,9,0
352,10,0
352,11,0
352,12,0
352,13,0
352,14,0
352,15,0
352,16,0
352,17,0
352,18,0
352,19,0
353,0,1
353,1,1
353,2,1
353,3,1
353,4,1
353,5,1
353,6,1
353,7,1
353,8,1
353,9,1
353,10,1
353,11,1
353,12,0
353,13,1
353,14,1
353,15,1
353,16,1
353,17,1
353,18,1
353,19,1
354,0,1
354,1,1
354,2,1
354,3,0
354,4,0
354,5,1
354,6,0
354,7,1
354,8,0
354,9,0
354,10,0
354,11,1
354,12,0
354,13,1
354,14,0
354,15,1
354,16,0
354,17,0
354,18,0
354,19,0
355,0,1
355,1,1
355,2,1
355,3,1
355,4,1
355,5,1
355,6,1
355,7,1
355,8,1
355,9,0
355,10,1
355,11,1
355,12,0
355,13,1
355,14,1
355,15,1
355,16,1
355,17,0
355,18,1
355,19,1
356,0,1
356,1,1
356,2,0
356,3,0
356,4,1
356,5,1
356,6,1
356,7,1
356,8,1
356,9,0
356,10,0
356,11,1
356,12,0
356,13,1
356,14,0
356,15,0
356,16,0
356,17,1
356,18,0
356,19,0
357,0,1
357,1,1
357,2,1
357,3,1
357,4,1
357,5,1
357,6,1
357,7,1
357,8,1
357,9,1
357,10,1
357,11,1
357,12,1
357,13,1
357,14,1
357,15,1
357,16,1
357,17,1
357,18,1
357,19,1
358,0,1
358,1,1
358,2,1
358,3,1
358,4,1
358,5,1
358,6,1
358,7,1
358,8,1
358,9,0
358,10,1
358,11,1
358,12,1
358,13,1
358,14,1
358,15,1
358,16,1
358,17,0
358,18,1
358,19,1
359,0,1
359,1,1
359,2,1
359,3,0
359,4,1
359,5,1
359,6,1
359,7,1
359,8,0
359,9,0
359,10,0
359,11,1
359,12,0
359,13,1
359,14,0
359,15,1
359,16,0
359,17,1
359,18,0
359,19,0
360,0,0
360,1,1
360,2,1
360,3,1
360,4,1
360,5,1
360,6,1
360,7,1
360,8,1
360,9,1
360,10,1
360,11,1
360,12,1
360,13,1
360,14,1
360,15,1
360,16,1
360,17,0
360,18,1
360,19,0
361,0,1
361,1,1
361,2,1
361,3,1
361,4,1
361,5,1
361,6,0
361,7,1
361,8,1
361,9,1
361,10,0
361,11,1
361,12,0
361,13,1
361,14,1
361,15,1
361,16,0
361,17,0
361,18,1
361,19,0
362,0,1
362,1,1
362,2,1
362,3,1
362,4,1
362,5,1
362,6,1
362,7,1
362,8,1
362,9,0
362,10,1
362,11,1
362,12,1
362,13,1
362,14,1
362,15,1
362,16,1
362,17,1
362,18,0
362,19,1
363,0,0
363,1,0
363,2,0
363,3,0
363,4,1
363,5,1
363,6,0
363,7,1
363,8,1
363,9,0
363,10,0
363,11,1
363,12,0
363,13,0
363,14,0
363,15,1
363,16,0
363,17,0
363,18,0
363,19,0
364,0,1
364,1,1
364,2,0
364,3,1
364,4,0
364,5,1
364,6,1
364,7,1
364,8,1
364,9,0
364,10,1
364,11,1
364,12,0
364,13,1
364,14,1
364,15,1
364,16,1
364,17,1
364,18,1
364,19,1
365,0,1
365,1,1
365,2,1
365,3,0
365,4,1
365,5,1
365,6,0
365,7,1
365,8,0
365,9,0
365,10,0
365,11,1
365,12,0
365,13,1
365,14,1
365,15,1
365,16,1
365,17,1
365,18,0
365,19,0
366,0,0
366,1,0
366,2,0
366,3,0
366,4,0
366,5,1
366,6,0
366,7,0
366,8,1
366,9,0
366,10,0
366,11,1
366,12,0
366,13,1
366,14,0
366,15,1
366,16,0
366,17,0
366,18,0
366,19,0
367,0,1
367,1,1
367,2,1
367,3,1
367,4,1
367,5,1
367,6,1
367,7,1
367,8,1
367,9,1
367,10,1
367,11,1
367,12,1
367,13,1
367,14,1
367,15,1
367,16,1
367,17,0
367,18,1
367,19,0
368,0,1
368,1,1
368,2,1
368,3,1
368,4,1
368,5,1
368,6,1
368,7,1
368,8,1
368,9,1
368,10,1
368,11,1
368,12,1
368,13,1
368,14,1
368,15,1
368,16,1
368,17,1
368,18,1
368,19,0
369,0,1
369,1,1
369,2,1
369,3,1
369,4,1
369,5,1
369,6,1
369,7,1
369,8,1
369,9,1
369,10,1
369,11,1
369,12,0
369,13,1
369,14,1
369,15,1
369,16,1
369,17,1
369,18,1
369,19,1
370,0,1
370,1,0
370,2,1
370,3,0
370,4,0
370,5,1
370,6,0
370,7,1
370,8,1
370,9,0
370,10,0
370,11,1
370,12,0
370,13,0
370,14,0
370,15,1
370,16,0
370,17,0
370,18,0
370,19,0
371,0,0
371,1,0
371,2,0
371,3,0
371,4,1
371,5,1
371,6,0
371,7,0
371,8,1
371,9,0
371,10,0
371,11,1
371,12,0
371,13,1
371,14,0
371,15,1
371,16,0
371,17,0
371,18,0
371,19,0
372,0,0
372,1,1
372,2,1
372,3,0
372,4,0
372,5,1
372,6,0
372,7,1
372,8,1
372,9,0
372,10,0
372,11,0
372,12,0
372,13,1
372,14,0
372,15,1
372,16,0
372,17,1
372,18,0
372,19,0
373,0,1
373,1,1
373,2,1
373,3,1
373,4,1
373,5,1
373,6,0
373,7,1
373,8,1
373,9,1
373,10,1
373,11,1
373,12,1
373,13,1
373,14,1
373,15,1
373,16,1
373,17,0
373,18,0
373,19,1
374,0,1
374,1,1
374,2,1
374,3,0
374,4,1
374,5,1
374,6,1
374,7,1
374,8,1
374,9,1
374,10,1
374,11,1
374,12,0
374,13,1
374,14,1
374,15,1
374,16,1
374,17,1
374,18,0
374,19,1
375,0,1
375,1,1
375,2,1
375,3,1
375,4,1
375,5,1
375,6,0
375,7,1
375,8,1
375,9,1
375,10,0
375,11,1
375,12,1
375,13,1
375,14,1
375,15,1
375,16,1
375,17,1
375,18,0
375,19,1
376,0,0
376,1,0
376,2,0
376,3,0
376,4,1
376,5,1
376,6,0
376,7,0
376,8,1
376,9,0
376,10,0
376,11,1
376,12,0
376,13,1
376,14,0
376,15,1
376,16,0
376,17,0
376,18,0
376,19,0
377,0,1
377,1,1
377,2,1
377,3,0
377,4,1
377,5,1
377,6,0
377,7,0
377,8,1
377,9,0
377,10,1
377,11,1
377,12,0
377,13,1
377,14,0
377,15,1
377,16,0
377,17,1
377,18,0
377,19,0
378,0,1
378,1,1
378,2,1
378,3,0
378,4,1
378,5,1
378,6,0
378,7,1
378,8,1
378,9,0
378,10,0
378,11,1
378,12,0
378,13,1
378,14,1
378,15,1
378,16,0
378,17,1
378,18,0
378,19,0
379,0,1
379,1,0
379,2,0
379,3,0
379,4,0
379,5,1
379,6,0
379,7,1
379,8,1
379,9,0
379,10,0
379,11,0
379,12,0
379,13,1
379,14,0
379,15,1
379,16,0
379,17,0
379,18,0
379,19,0
380,0,1
380,1,1
380,2,1
380,3,0
380,4,0
380,5,1
380,6,0
380,7,0
380,8,0
380,9,0
380,10,0
380,11,1
380,12,0
380,13,1
380,14,0
380,15,1
380,16,0
380,17,0
380,18,0
380,19,0
381,0,0
381,1,1
381,2,1
381,3,0
381,4,1
381,5,1
381,6,0
381,7,1
381,8,1
381,9,0
381,10,0
381,11,1
381,12,0
381,13,1
381,14,0
381,15,1
381,16,0
381,17,0
381,18,0
381,19,0
382,0,1
382,1,1
382,2,1
382,3,1
382,4,1
382,5,1
382,6,1
382,7,1
382,8,1
382,9,0
382,10,1
382,11,1
382,12,0
382,13,1
382,14,1
382,15,1
382,16,1
382,17,1
382,18,1
382,19,1
383,0,1
383,1,1
383,2,1
383,3,1
383,4,1
383,5,1
383,6,1
383,7,1
383,8,1
383,9,1
383,10,0
383,11,1
383,12,1
383,13,1
383,14,1
383,15,1
383,16,1
383,17,1
383,18,0
383,19,0
384,0,1
384,1,1
384,2,1
384,3,1
384,4,1
384,5,1
384,6,0
384,7,1
384,8,0
384,9,0
384,10,1
384,11,1
384,12,1
384,13,1
384,14,1
384,15,1
384,16,1
384,17,1
384,18,1
384,19,1
385,0,1
385,1,1
385,2,1
385,3,0
385,4,1
385,5,1
385,6,0
385,7,0
385,8,1
385,9,1
385,10,0
385,11,1
385,12,0
385,13,1
385,14,0
385,15,1
385,16,0
385,17,0
385,18,0
385,19,0
386,0,0
386,1,0
386,2,0
386,3,0
386,4,1
386,5,1
386,6,0
386,7,0
386,8,1
386,9,0
386,10,0
386,11,1
386,12,0
386,13,1
386,14,0
386,15,1
386,16,0
386,17,0
386,18,0
386,19,0
387,0,1
387,1,1
387,2,1
387,3,0
387,4,1
387,5,1
387,6,0
387,7,1
387,8,0
387,9,0
387,10,0
387,11,1
387,12,0
387,13,1
387,14,0
387,15,1
387,16,0
387,17,0
387,18,0
387,19,0
388,0,1
388,1,1
388,2,1
388,3,1
388,4,1
388,5,1
388,6,1
388,7,1
388,8,1
388,9,1
388,10,1
388,11,1
388,12,0
388,13,1
388,14,1
388,15,1
388,16,1
388,17,1
388,18,1
388,19,1
389,0,0
389,1,0
389,2,0
389,3,0
389,4,1
389,5,1
389,6,0
389,7,1
389,8,1
389,9,0
389,10,0
389,11,1
389,12,0
389,13,1
389,14,0
389,15,1
389,16,0
389,17,1
389,18,0
389,19,0
390,0,0
390,1,1
390,2,1
390,3,0
390,4,1
390,5,1
390,6,0
390,7,1
390,8,0
390,9,0
390,10,0
390,11,1
390,12,0
390,13,1
390,14,0
390,15,1
390,16,0
390,17,0
390,18,0
390,19,0
391,0,0
391,1,0
391,2,0
391,3,0
391,4,0
391,5,1
391,6,0
391,7,0
391,8,0
391,9,0
391,10,0
391,11,1
391,12,0
391,13,1
391,14,0
391,15,1
391,16,0
391,17,0
391,18,0
391,19,0
392,0,0
392,1,0
392,2,0
392,3,0
392,4,1
392,5,1
392,6,0
392,7,0
392,8,0
392,9,0
392,10,0
392,11,1
392,12,0
392,13,1
392,14,0
392,15,1
392,16,0
392,17,0
392,18,0
392,19,0
393,0,1
393,1,1
393,2,1
393,3,1
393,4,1
393,5,1
393,6,1
393,7,1
393,8,1
393,9,1
393,10,1
393,11,1
393,12,1
393,13,1
393,14,1
393,15,1
393,16,1
393,17,1
393,18,1
393,19,1
394,0,0
394,1,0
394,2,0
394,3,0
394,4,1
394,5,0
394,6,0
394,7,1
394,8,1
394,9,0
394,10,0
394,11,0
394,12,0
394,13,0
394,14,0
394,15,0
394,16,0
394,17,0
394,18,0
394,19,0
395,0,1
395,1,1
395,2,1
395,3,1
395,4,1
395,5,1
395,6,1
395,7,1
395,8,1
395,9,1
395,10,1
395,11,1
395,12,1
395,13,1
395,14,1
395,15,1
395,16,1
395,17,1
395,18,1
395,19,1
396,0,0
396,1,0
396,2,0
396,3,0
396,4,1
396,5,0
396,6,0
396,7,1
396,8,1
396,9,0
396,10,0
396,11,0
396,12,0
396,13,0
396,14,0
396,15,0
396,16,0
396,17,0
396,18,0
396,19,0
397,0,1
397,1,1
397,2,1
397,3,0
397,4,1
397,5,1
397,6,0
397,7,1
397,8,1
397,9,0
397,10,0
397,11,1
397,12,0
397,13,1
397,14,0
397,15,1
397,16,0
397,17,0
397,18,0
397,19,0
398,0,0
398,1,0
398,2,0
398,3,0
398,4,0
398,5,0
398,6,0
398,7,1
398,8,0
398,9,0
398,10,0
398,11,0
398,12,0
398,13,0
398,14,0
398,15,0
398,16,0
398,17,0
398,18,0
398,19,0
399,0,0
399,1,1
399,2,1
399,3,1
399,4,0
399,5,1
399,6,1
399,7,1
399,8,1
399,9,1
399,10,1
399,11,1
399,12,1
399,13,1
399,14,1
399,15,1
399,16,1
399,17,1
399,18,1
399,19,1
400,0,1
400,1,1
400,2,1
400,3,0
400,4,0
400,5,1
400,6,1
400,7,1
400,8,0
400,9,0
400,10,0
400,11,0
400,12,0
400,13,1
400,14,1
400,15,1
400,16,0
400,17,0
400,18,0
400,19,0
401,0,1
401,1,1
401,2,1
401,3,1
401,4,1
401,5,1
401,6,0
401,7,1
401,8,1
401,9,1
401,10,1
401,11,0
401,12,1
401,13,1
401,14,0
401,15,1
401,16,0
401,17,1
401,18,0
401,19,1
402,0,1
402,1,1
402,2,1
402,3,1
402,4,1
402,5,1
402,6,1
402,7,1
402,8,0
402,9,0
402,10,1
402,11,1
402,12,1
402,13,1
402,14,0
402,15,1
402,16,1
402,17,1
402,18,1
402,19,1
403,0,0
403,1,0
403,2,0
403,3,1
403,4,0
403,5,1
403,6,0
403,7,1
403,8,1
403,9,0
403,10,0
403,11,1
403,12,0
403,13,1
403,14,1
403,15,1
403,16,0
403,17,0
403,18,0
403,19,0
404,0,1
404,1,1
404,2,1
404,3,1
404,4,1
404,5,1
404,6,0
404,7,1
404,8,1
404,9,1
404,10,1
404,11,1
404,12,1
404,13,1
404,14,0
404,15,1
404,16,1
404,17,1
404,18,0
404,19,1
405,0,0
405,1,0
405,2,0
405,3,1
405,4,0
405,5,0
405,6,0
405,7,1
405,8,0
405,9,0
405,10,0
405,11,0
405,12,0
405,13,0
405,14,0
405,15,0
405,16,0
405,17,0
405,18,0
405,19,0
406,0,0
406,1,0
406,2,0
406,3,0
406,4,0
406,5,1
406,6,0
406,7,1
406,8,1
406,9,0
406,10,0
406,11,1
406,12,0
406,13,1
406,14,1
406,15,1
406,16,0
406,17,0
406,18,0
406,19,0
407,0,0
407,1,0
407,2,0
407,3,1
407,4,0
407,5,0
407,6,0
407,7,1
407,8,0
407,9,0
407,10,0
407,11,0
407,12,0
407,13,0
407,14,0
407,15,0
407,16,0
407,17,0
407,18,0
407,19,0
408,0,1
408,1,1
408,2,1
408,3,1
408,4,1
408,5,1
408,6,1
408,7,1
408,8,0
408,9,0
408,10,1
408,11,1
408,12,1
408,13,1
408,14,1
408,15,1
408,16,1
408,17,0
408,18,1
408,19,0
409,0,1
409,1,1
409,2,1
409,3,0
409,4,1
409,5,1
409,6,1
409,7,1
409,8,1
409,9,1
409,10,0
409,11,1
409,12,1
409,13,1
409,14,1
409,15,1
409,16,1
409,17,1
409,18,1
409,19,1
410,0,1
410,1,0
410,2,1
410,3,0
410,4,1
410,5,1
410,6,0
410,7,0
410,8,1
410,9,0
410,10,0
410,11,1
410,12,0
410,13,1
410,14,0
410,15,1
410,16,0
410,17,0
410,18,0
410,19,0
411,0,0
411,1,0
411,2,0
411,3,0
411,4,0
411,5,1
411,6,0
411,7,1
411,8,1
411,9,0
411,10,0
411,11,1
411,12,0
411,13,1
411,14,0
411,15,1
411,16,0
411,17,0
411,18,0
411,19,0
412,0,1
412,1,1
412,2,1
412,3,0
412,4,1
412,5,1
412,6,1
412,7,1
412,8,1
412,9,1
412,10,1
412,11,1
412,12,1
412,13,1
412,14,1
412,15,1
412,16,1
412,17,1
412,18,1
412,19,1
413,0,0
413,1,0
413,2,0
413,3,0
413,4,0
413,5,0
413,6,0
413,7,0
413,8,0
413,9,0
413,10,0
413,11,1
413,12,0
413,13,1
413,14,0
413,15,1
413,16,0
413,17,0
413,18,0
413,19,0
414,0,0
414,1,0
414,2,0
414,3,0
414,4,1
414,5,0
414,6,0
414,7,0
414,8,1
414,9,0
414,10,0
414,11,0
414,12,0
414,13,0
414,14,0
414,15,0
414,16,0
414,17,0
414,18,0
414,19,0
415,0,0
415,1,0
415,2,0
415,3,0
415,4,0
415,5,1
415,6,0
415,7,1
415,8,1
415,9,0
415,10,0
415,11,1
415,12,0
415,13,1
415,14,0
415,15,1
415,16,1
415,17,0
415,18,0
415,19,0
416,0,0
416,1,0
416,2,0
416,3,0
416,4,1
416,5,1
416,6,0
416,7,0
416,8,0
416,9,0
416,10,1
416,11,1
416,12,0
416,13,1
416,14,0
416,15,1
416,16,0
416,17,0
416,18,0
416,19,0
417,0,0
417,1,0
417,2,0
417,3,1
417,4,0
417,5,1
417,6,0
417,7,1
417,8,1
417,9,0
417,10,0
417,11,0
417,12,0
417,13,1
417,14,0
417,15,1
417,16,0
417,17,0
417,18,0
417,19,0
418,0,1
418,1,1
418,2,1
418,3,0
418,4,1
418,5,1
418,6,0
418,7,1
418,8,1
418,9,0
418,10,0
418,11,1
418,12,0
418,13,1
418,14,0
418,15,1
418,16,0
418,17,0
418,18,0
418,19,0
419,0,0
419,1,0
419,2,0
419,3,1
419,4,1
419,5,1
419,6,0
419,7,1
419,8,1
419,9,0
419,10,1
419,11,0
419,12,0
419,13,1
419,14,0
419,15,1
419,16,0
419,17,0
419,18,0
419,19,0
420,0,0
420,1,0
420,2,0
420,3,0
420,4,1
420,5,0
420,6,0
420,7,0
420,8,1
420,9,0
420,10,0
420,11,0
420,12,0
420,13,0
420,14,0
420,15,0
420,16,0
420,17,0
420,18,0
420,19,0
421,0,1
421,1,1
421,2,1
421,3,1
421,4,0
421,5,1
421,6,0
421,7,0
421,8,1
421,9,0
421,10,1
421,11,1
421,12,1
421,13,1
421,14,1
421,15,1
421,16,1
421,17,1
421,18,1
421,19,0
422,0,0
422,1,0
422,2,0
422,3,0
422,4,1
422,5,0
422,6,0
422,7,1
422,8,0
422,9,0
422,10,0
422,11,0
422,12,0
422,13,0
422,14,0
422,15,0
422,16,0
422,17,0
422,18,0
422,19,0
423,0,0
423,1,0
423,2,0
423,3,0
423,4,1
423,5,1
423,6,0
423,7,1
423,8,1
423,9,0
423,10,0
423,11,1
423,12,0
423,13,1
423,14,0
423,15,1
423,16,0
423,17,0
423,18,0
423,19,0
424,0,0
424,1,0
424,2,0
424,3,0
424,4,1
424,5,1
424,6,0
424,7,1
424,8,1
424,9,0
424,10,0
424,11,1
424,12,0
424,13,1
424,14,0
424,15,1
424,16,0
424,17,0
424,18,0
424,19,0
425,0,0
425,1,0
425,2,0
425,3,1
425,4,0
425,5,0
425,6,0
425,7,1
425,8,0
425,9,0
425,10,0
425,11,0
425,12,0
425,13,0
425,14,0
425,15,0
425,16,0
425,17,0
425,18,0
425,19,0
426,0,0
426,1,1
426,2,0
426,3,0
426,4,1
426,5,1
426,6,0
426,7,0
426,8,1
426,9,0
426,10,0
426,11,0
426,12,0
426,13,1
426,14,0
426,15,1
426,16,0
426,17,0
426,18,0
426,19,0
427,0,1
427,1,1
427,2,1
427,3,1
427,4,1
427,5,1
427,6,0
427,7,1
427,8,1
427,9,1
427,10,1
427,11,1
427,12,1
427,13,1
427,14,0
427,15,1
427,16,1
427,17,1
427,18,0
427,19,1
428,0,1
428,1,1
428,2,1
428,3,1
428,4,1
428,5,1
428,6,1
428,7,1
428,8,1
428,9,1
428,10,1
428,11,1
428,12,0
428,13,1
428,14,1
428,15,1
428,16,1
428,17,1
428,18,0
428,19,1
429,0,0
429,1,0
429,2,0
429,3,1
429,4,0
429,5,1
429,6,0
429,7,1
429,8,1
429,9,0
429,10,0
429,11,1
429,12,0
429,13,1
429,14,0
429,15,1
429,16,0
429,17,0
429,18,0
429,19,0
430,0,1
430,1,1
430,2,1
430,3,1
430,4,1
430,5,1
430,6,1
430,7,1
430,8,1
430,9,1
430,10,1
430,11,1
430,12,1
430,13,1
430,14,1
430,15,1
430,16,1
430,17,1
430,18,1
430,19,1
431,0,1
431,1,1
431,2,1
431,3,1
431,4,0
431,5,1
431,6,1
431,7,1
431,8,1
431,9,1
431,10,1
431,11,1
431,12,0
431,13,1
431,14,1
431,15,1
431,16,1
431,17,1
431,18,0
431,19,1
432,0,1
432,1,1
432,2,1
432,3,1
432,4,0
432,5,1
432,6,1
432,7,1
432,8,1
432,9,1
432,10,1
432,11,1
432,12,0
432,13,1
432,14,1
432,15,1
432,16,1
432,17,1
432,18,0
432,19,1
433,0,1
433,1,1
433,2,1
433,3,1
433,4,1
433,5,1
433,6,0
433,7,1
433,8,1
433,9,1
433,10,1
433,11,1
433,12,1
433,13,1
433,14,1
433,15,1
433,16,1
433,17,1
433,18,0
433,19,1
434,0,0
434,1,0
434,2,0
434,3,0
434,4,0
434,5,0
434,6,0
434,7,1
434,8,1
434,9,0
434,10,0
434,11,0
434,12,0
434,13,0
434,14,0
434,15,0
434,16,0
434,17,0
434,18,0
434,19,0
435,0,0
435,1,0
435,2,0
435,3,1
435,4,0
435,5,0
435,6,0
435,7,1
435,8,0
435,9,0
435,10,0
435,11,0
435,12,0
435,13,0
435,14,0
435,15,0
435,16,0
435,17,0
435,18,0
435,19,0
436,0,0
436,1,0
436,2,0
436,3,0
436,4,0
436,5,1
436,6,0
436,7,1
436,8,1
436,9,0
436,10,0
436,11,1
436,12,0
436,13,1
436,14,0
436,15,1
436,16,0
436,17,0
436,18,0
436,19,0
437,0,1
437,1,1
437,2,1
437,3,0
437,4,0
437,5,1
437,6,1
437,7,1
437,8,1
437,9,0
437,10,0
437,11,1
437,12,0
437,13,1
437,14,1
437,15,1
437,16,0
437,17,0
437,18,0
437,19,0
438,0,1
438,1,0
438,2,1
438,3,1
438,4,1
438,5,1
438,6,1
438,7,1
438,8,1
438,9,1
438,10,1
438,11,1
438,12,1
438,13,1
438,14,1
438,15,1
438,16,1
438,17,0
438,18,0
438,19,1
439,0,1
439,1,1
439,2,0
439,3,1
439,4,1
439,5,1
439,6,1
439,7,1
439,8,1
439,9,1
439,10,1
439,11,1
439,12,0
439,13,1
439,14,1
439,15,1
439,16,1
439,17,1
439,18,0
439,19,1
440,0,0
440,1,0
440,2,0
440,3,0
440,4,1
440,5,0
440,6,0
440,7,1
440,8,1
440,9,0
440,10,0
440,11,0
440,12,0
440,13,0
440,14,0
440,15,0
440,16,0
440,17,0
440,18,0
440,19,0
441,0,0
441,1,0
441,2,0
441,3,1
441,4,0
441,5,0
441,6,0
441,7,1
441,8,0
441,9,0
441,10,0
441,11,0
441,12,0
441,13,0
441,14,0
441,15,0
441,16,0
441,17,0
441,18,0
441,19,0
442,0,1
442,1,1
442,2,1
442,3,1
442,4,0
442,5,1
442,6,1
442,7,1
442,8,1
442,9,0
442,10,1
442,11,1
442,12,0
442,13,1
442,14,0
442,15,1
442,16,1
442,17,1
442,18,1
442,19,1
443,0,1
443,1,1
443,2,1
443,3,0
443,4,1
443,5,1
443,6,1
443,7,1
443,8,1
443,9,0
443,10,0
443,11,1
443,12,0
443,13,1
443,14,1
443,15,1
443,16,0
443,17,1
443,18,0
443,19,0
444,0,1
444,1,1
444,2,1
444,3,1
444,4,1
444,5,1
444,6,1
444,7,1
444,8,1
444,9,0
444,10,1
444,11,1
444,12,1
444,13,1
444,14,1
444,15,1
444,16,1
444,17,1
444,18,1
444,19,1
445,0,0
445,1,0
445,2,0
445,3,1
445,4,0
445,5,0
445,6,0
445,7,1
445,8,0
445,9,0
445,10,0
445,11,0
445,12,0
445,13,0
445,14,0
445,15,0
445,16,0
445,17,0
445,18,0
445,19,0
446,0,1
446,1,1
446,2,1
446,3,1
446,4,1
446,5,1
446,6,0
446,7,1
446,8,1
446,9,1
446,10,1
446,11,1
446,12,1
446,13,1
446,14,0
446,15,1
446,16,0
446,17,1
446,18,0
446,19,1
447,0,1
447,1,1
447,2,1
447,3,0
447,4,0
447,5,1
447,6,1
447,7,1
447,8,1
447,9,0
447,10,0
447,11,1
447,12,1
447,13,1
447,14,1
447,15,1
447,16,0
447,17,1
447,18,0
447,19,0
448,0,1
448,1,1
448,2,1
448,3,1
448,4,0
448,5,1
448,6,0
448,7,1
448,8,0
448,9,1
448,10,1
448,11,1
448,12,0
448,13,0
448,14,0
448,15,1
448,16,0
448,17,0
448,18,0
448,19,0
449,0,0
449,1,0
449,2,0
449,3,0
449,4,0
449,5,1
449,6,0
449,7,0
449,8,1
449,9,0
449,10,1
449,11,1
449,12,0
449,13,1
449,14,0
449,15,1
449,16,0
449,17,0
449,18,0
449,19,0
450,0,0
450,1,0
450,2,0
450,3,0
450,4,0
450,5,1
450,6,0
450,7,1
450,8,1
450,9,0
450,10,0
450,11,1
450,12,0
450,13,0
450,14,0
450,15,1
450,16,0
450,17,0
450,18,0
450,19,0
451,0,0
451,1,0
451,2,0
451,3,0
451,4,0
451,5,1
451,6,1
451,7,1
451,8,0
451,9,0
451,10,0
451,11,1
451,12,0
451,13,1
451,14,0
451,15,1
451,16,0
451,17,0
451,18,0
451,19,0
452,0,1
452,1,1
452,2,1
452,3,1
452,4,0
452,5,1
452,6,1
452,7,1
452,8,1
452,9,1
452,10,1
452,11,1
452,12,1
452,13,1
452,14,1
452,15,1
452,16,1
452,17,0
452,18,1
452,19,1
453,0,0
453,1,0
453,2,0
453,3,1
453,4,0
453,5,0
453,6,0
453,7,1
453,8,0
453,9,0
453,10,0
453,11,0
453,12,0
453,13,0
453,14,0
453,15,0
453,16,0
453,17,0
453,18,0
453,19,0
454,0,0
454,1,0
454,2,0
454,3,0
454,4,1
454,5,0
454,6,0
454,7,1
454,8,1
454,9,0
454,10,0
454,11,0
454,12,0
454,13,1
454,14,1
454,15,1
454,16,1
454,17,0
454,18,0
454,19,0
455,0,1
455,1,1
455,2,1
455,3,1
455,4,1
455,5,1
455,6,1
455,7,1
455,8,1
455,9,1
455,10,1
455,11,1
455,12,0
455,13,1
455,14,1
455,15,1
455,16,1
455,17,0
455,18,1
455,19,1
456,0,0
456,1,1
456,2,1
456,3,1
456,4,1
456,5,1
456,6,0
456,7,1
456,8,0
456,9,0
456,10,0
456,11,1
456,12,0
456,13,1
456,14,0
456,15,1
456,16,0
456,17,1
456,18,0
456,19,0
457,0,1
457,1,1
457,2,1
457,3,1
457,4,1
457,5,1
457,6,1
457,7,1
457,8,1
457,9,0
457,10,1
457,11,1
457,12,0
457,13,1
457,14,1
457,15,1
457,16,1
457,17,1
457,18,1
457,19,1
458,0,1
458,1,1
458,2,1
458,3,1
458,4,1
458,5,1
458,6,1
458,7,1
458,8,0
458,9,1
458,10,1
458,11,1
458,12,0
458,13,1
458,14,1
458,15,1
458,16,1
458,17,0
458,18,1
458,19,1
459,0,1
459,1,1
459,2,1
459,3,0
459,4,1
459,5,1
459,6,1
459,7,1
459,8,0
459,9,0
459,10,0
459,11,1
459,12,0
459,13,1
459,14,1
459,15,1
459,16,0
459,17,0
459,18,0
459,19,0
460,0,1
460,1,1
460,2,1
460,3,0
460,4,1
460,5,1
460,6,1
460,7,1
460,8,1
460,9,0
460,10,0
460,11,1
460,12,0
460,13,1
460,14,1
460,15,1
460,16,0
460,17,1
460,18,0
460,19,0
461,0,0
461,1,0
461,2,0
461,3,0
461,4,1
461,5,1
461,6,0
461,7,0
461,8,1
461,9,0
461,10,0
461,11,1
461,12,0
461,13,1
461,14,0
461,15,0
461,16,0
461,17,0
461,18,0
461,19,0
462,0,1
462,1,0
462,2,0
462,3,1
462,4,1
462,5,1
462,6,0
462,7,1
462,8,1
462,9,0
462,10,0
462,11,1
462,12,0
462,13,0
462,14,0
462,15,1
462,16,0
462,17,0
462,18,0
462,19,0
463,0,0
463,1,1
463,2,1
463,3,1
463,4,1
463,5,1
463,6,1
463,7,1
463,8,1
463,9,0
463,10,1
463,11,1
463,12,1
463,13,1
463,14,1
463,15,1
463,16,0
463,17,1
463,18,0
463,19,1
464,0,1
464,1,1
464,2,1
464,3,0
464,4,1
464,5,1
464,6,1
464,7,0
464,8,1
464,9,0
464,10,0
464,11,1
464,12,0
464,13,1
464,14,0
464,15,1
464,16,0
464,17,1
464,18,0
464,19,0
465,0,1
465,1,1
465,2,1
465,3,1
465,4,1
465,5,1
465,6,0
465,7,1
465,8,1
465,9,1
465,10,1
465,11,1
465,12,0
465,13,1
465,14,1
465,15,1
465,16,1
465,17,1
465,18,0
465,19,1
466,0,0
466,1,1
466,2,0
466,3,0
466,4,0
466,5,1
466,6,0
466,7,1
466,8,1
466,9,0
466,10,0
466,11,1
466,12,0
466,13,1
466,14,0
466,15,1
466,16,0
466,17,0
466,18,0
466,19,0
467,0,1
467,1,1
467,2,1
467,3,1
467,4,1
467,5,1
467,6,1
467,7,1
467,8,1
467,9,1
467,10,1
467,11,1
467,12,0
467,13,1
467,14,1
467,15,1
467,16,1
467,17,1
467,18,1
467,19,1
468,0,1
468,1,1
468,2,1
468,3,0
468,4,1
468,5,1
468,6,1
468,7,0
468,8,0
468,9,0
468,10,0
468,11,1
468,12,0
468,13,1
468,14,1
468,15,1
468,16,0
468,17,1
468,18,0
468,19,0
469,0,1
469,1,1
469,2,1
469,3,1
469,4,1
469,5,1
469,6,1
469,7,1
469,8,1
469,9,1
469,10,0
469,11,1
469,12,0
469,13,1
469,14,0
469,15,1
469,16,1
469,17,0
469,18,0
469,19,1
470,0,1
470,1,1
470,2,1
470,3,0
470,4,1
470,5,1
470,6,1
470,7,1
470,8,1
470,9,0
470,10,0
470,11,1
470,12,0
470,13,1
470,14,1
470,15,1
470,16,0
470,17,1
470,18,0
470,19,0
471,0,1
471,1,1
471,2,1
471,3,1
471,4,1
471,5,1
471,6,1
471,7,1
471,8,1
471,9,1
471,10,1
471,11,1
471,12,0
471,13,1
471,14,1
471,15,1
471,16,1
471,17,1
471,18,0
471,19,1
472,0,1
472,1,1
472,2,1
472,3,0
472,4,1
472,5,1
472,6,0
472,7,0
472,8,1
472,9,1
472,10,1
472,11,1
472,12,0
472,13,1
472,14,1
472,15,1
472,16,1
472,17,1
472,18,1
472,19,1
473,0,1
473,1,1
473,2,1
473,3,0
473,4,1
473,5,1
473,6,0
473,7,0
473,8,1
473,9,1
473,10,1
473,11,1
473,12,0
473,13,1
473,14,1
473,15,1
473,16,1
473,17,1
473,18,1
473,19,1
474,0,0
474,1,0
474,2,0
474,3,0
474,4,0
474,5,0
474,6,0
474,7,1
474,8,0
474,9,0
474,10,0
474,11,0
474,12,0
474,13,0
474,14,0
474,15,0
474,16,0
474,17,0
474,18,0
474,19,0
475,0,1
475,1,1
475,2,1
475,3,1
475,4,1
475,5,1
475,6,1
475,7,1
475,8,1
475,9,1
475,10,1
475,11,1
475,12,1
475,13,1
475,14,1
475,15,1
475,16,1
475,17,1
475,18,0
475,19,1
476,0,1
476,1,1
476,2,1
476,3,0
476,4,1
476,5,1
476,6,1
476,7,1
476,8,0
476,9,0
476,10,0
476,11,1
476,12,0
476,13,1
476,14,1
476,15,1
476,16,0
476,17,0
476,18,0
476,19,0
477,0,1
477,1,1
477,2,0
477,3,1
477,4,1
477,5,1
477,6,1
477,7,1
477,8,1
477,9,1
477,10,0
477,11,1
477,12,0
477,13,1
477,14,1
477,15,1
477,16,1
477,17,1
477,18,0
477,19,1
478,0,0
478,1,1
478,2,1
478,3,0
478,4,1
478,5,1
478,6,0
478,7,0
478,8,1
478,9,0
478,10,0
478,11,1
478,12,0
478,13,1
478,14,0
478,15,1
478,16,0
478,17,0
478,18,0
478,19,0
479,0,1
479,1,1
479,2,1
479,3,0
479,4,1
479,5,1
479,6,0
479,7,1
479,8,1
479,9,1
479,10,0
479,11,1
479,12,1
479,13,1
479,14,1
479,15,1
479,16,1
479,17,1
479,18,0
479,19,1
480,0,1
480,1,1
480,2,1
480,3,1
480,4,1
480,5,1
480,6,1
480,7,1
480,8,1
480,9,0
480,10,1
480,11,1
480,12,0
480,13,1
480,14,1
480,15,1
480,16,1
480,17,1
480,18,0
480,19,1
481,0,0
481,1,0
481,2,0
481,3,1
481,4,0
481,5,1
481,6,0
481,7,1
481,8,1
481,9,0
481,10,0
481,11,1
481,12,0
481,13,1
481,14,0
481,15,0
481,16,0
481,17,0
481,18,0
481,19,0
482,0,1
482,1,1
482,2,1
482,3,1
482,4,0
482,5,1
482,6,0
482,7,1
482,8,1
482,9,0
482,10,0
482,11,1
482,12,0
482,13,1
482,14,0
482,15,1
482,16,0
482,17,0
482,18,0
482,19,0
483,0,1
483,1,1
483,2,1
483,3,0
483,4,1
483,5,1
483,6,0
483,7,1
483,8,1
483,9,0
483,10,0
483,11,1
483,12,0
483,13,1
483,14,0
483,15,1
483,16,0
483,17,0
483,18,0
483,19,0
484,0,1
484,1,1
484,2,1
484,3,0
484,4,1
484,5,1
484,6,0
484,7,1
484,8,1
484,9,0
484,10,0
484,11,1
484,12,0
484,13,1
484,14,0
484,15,1
484,16,0
484,17,0
484,18,0
484,19,0
485,0,0
485,1,0
485,2,0
485,3,1
485,4,0
485,5,1
485,6,0
485,7,1
485,8,0
485,9,0
485,10,1
485,11,1
485,12,0
485,13,1
485,14,0
485,15,1
485,16,1
485,17,1
485,18,0
485,19,0
486,0,1
486,1,1
486,2,0
486,3,1
486,4,1
486,5,1
486,6,0
486,7,1
486,8,1
486,9,1
486,10,1
486,11,1
486,12,0
486,13,1
486,14,0
486,15,1
486,16,1
486,17,1
486,18,0
486,19,1
487,0,0
487,1,0
487,2,0
487,3,0
487,4,1
487,5,1
487,6,0
487,7,1
487,8,1
487,9,0
487,10,0
487,11,1
487,12,0
487,13,1
487,14,0
487,15,1
487,16,0
487,17,0
487,18,0
487,19,0
488,0,1
488,1,1
488,2,1
488,3,1
488,4,1
488,5,1
488,6,0
488,7,1
488,8,1
488,9,1
488,10,1
488,11,1
488,12,1
488,13,1
488,14,1
488,15,1
488,16,1
488,17,1
488,18,0
488,19,0
489,0,0
489,1,1
489,2,0
489,3,0
489,4,1
489,5,1
489,6,0
489,7,1
489,8,1
489,9,0
489,10,0
489,11,1
489,12,0
489,13,0
489,14,0
489,15,1
489,16,0
489,17,0
489,18,0
489,19,0
490,0,0
490,1,0
490,2,0
490,3,1
490,4,0
490,5,0
490,6,0
490,7,1
490,8,0
490,9,0
490,10,0
490,11,0
490,12,0
490,13,0
490,14,0
490,15,0
490,16,0
490,17,0
490,18,0
490,19,0
491,0,1
491,1,1
491,2,1
491,3,0
491,4,1
491,5,1
491,6,1
491,7,1
491,8,1
491,9,1
491,10,0
491,11,1
491,12,0
491,13,1
491,14,0
491,15,1
491,16,0
491,17,0
491,18,0
491,19,0
492,0,0
492,1,0
492,2,0
492,3,0
492,4,0
492,5,0
492,6,0
492,7,0
492,8,1
492,9,0
492,10,0
492,11,0
492,12,0
492,13,0
492,14,0
492,15,0
492,16,0
492,17,0
492,18,0
492,19,0
493,0,1
493,1,1
493,2,1
493,3,1
493,4,1
493,5,1
493,6,1
493,7,1
493,8,1
493,9,1
493,10,1
493,11,1
493,12,0
493,13,0
493,14,1
493,15,1
493,16,1
493,17,1
493,18,1
493,19,1
494,0,0
494,1,0
494,2,0
494,3,1
494,4,0
494,5,1
494,6,0
494,7,0
494,8,0
494,9,0
494,10,0
494,11,0
494,12,0
494,13,0
494,14,0
494,15,0
494,16,0
494,17,0
494,18,0
494,19,0
495,0,1
495,1,1
495,2,1
495,3,1
495,4,1
495,5,1
495,6,0
495,7,1
495,8,0
495,9,1
495,10,1
495,11,1
495,12,0
495,13,1
495,14,1
495,15,1
495,16,1
495,17,1
495,18,0
495,19,0
496,0,0
496,1,0
496,2,0
496,3,1
496,4,0
496,5,0
496,6,0
496,7,0
496,8,1
496,9,0
496,10,0
496,11,0
496,12,0
496,13,0
496,14,0
496,15,0
496,16,0
496,17,0
496,18,0
496,19,0
497,0,0
497,1,0
497,2,0
497,3,0
497,4,1
497,5,0
497,6,0
497,7,0
497,8,0
497,9,0
497,10,0
497,11,0
497,12,0
497,13,0
497,14,0
497,15,0
497,16,0
497,17,0
497,18,0
497,19,0
498,0,0
498,1,0
498,2,0
498,3,1
498,4,0
498,5,0
498,6,0
498,7,0
498,8,0
498,9,0
498,10,0
498,11,0
498,12,0
498,13,0
498,14,0
498,15,0
498,16,0
498,17,0
498,18,0
498,19,0
499,0,0
499,1,0
499,2,0
499,3,0
499,4,0
499,5,1
499,6,0
499,7,1
499,8,1
499,9,0
499,10,0
499,11,1
499,12,0
499,13,0
499,14,0
499,15,1
499,16,0
499,17,0
499,18,0
499,19,0
500,0,1
500,1,1
500,2,1
500,3,0
500,4,1
500,5,1
500,6,0
500,7,1
500,8,1
500,9,0
500,10,0
500,11,1
500,12,0
500,13,1
500,14,1
500,15,1
500,16,0
500,17,0
500,18,0
500,19,0
501,0,0
501,1,0
501,2,0
501,3,0
501,4,0
501,5,1
501,6,0
501,7,1
501,8,1
501,9,0
501,10,1
501,11,1
501,12,0
501,13,1
501,14,0
501,15,0
501,16,0
501,17,0
501,18,0
501,19,0
502,0,0
502,1,0
502,2,0
502,3,0
502,4,1
502,5,0
502,6,0
502,7,0
502,8,0
502,9,0
502,10,0
502,11,0
502,12,0
502,13,0
502,14,0
502,15,0
502,16,0
502,17,0
502,18,0
502,19,0
503,0,0
503,1,0
503,2,0
503,3,0
503,4,1
503,5,1
503,6,0
503,7,0
503,8,0
503,9,0
503,10,0
503,11,1
503,12,0
503,13,1
503,14,0
503,15,1
503,16,0
503,17,0
503,18,0
503,19,0
504,0,0
504,1,0
504,2,0
504,3,1
504,4,0
504,5,0
504,6,0
504,7,0
504,8,0
504,9,0
504,10,0
504,11,1
504,12,0
504,13,0
504,14,0
504,15,0
504,16,0
504,17,0
504,18,0
504,19,0
505,0,0
505,1,0
505,2,0
505,3,1
505,4,0
505,5,0
505,6,0
505,7,0
505,8,0
505,9,0
505,10,0
505,11,0
505,12,0
505,13,0
505,14,0
505,15,0
505,16,0
505,17,0
505,18,0
505,19,0
506,0,0
506,1,0
506,2,0
506,3,0
506,4,0
506,5,0
506,6,0
506,7,1
506,8,1
506,9,0
506,10,0
506,11,1
506,12,0
506,13,1
506,14,0
506,15,1
506,16,0
506,17,0
506,18,0
506,19,0
507,0,0
507,1,0
507,2,0
507,3,0
507,4,0
507,5,1
507,6,0
507,7,0
507,8,1
507,9,0
507,10,0
507,11,1
507,12,0
507,13,1
507,14,0
507,15,1
507,16,0
507,17,0
507,18,0
507,19,0
508,0,0
508,1,0
508,2,0
508,3,1
508,4,0
508,5,0
508,6,0
508,7,0
508,8,0
508,9,0
508,10,0
508,11,0
508,12,0
508,13,0
508,14,0
508,15,0
508,16,0
508,17,0
508,18,0
508,19,0
509,0,0
509,1,0
509,2,0
509,3,0
509,4,1
509,5,0
509,6,0
509,7,0
509,8,0
509,9,0
509,10,1
509,11,0
509,12,0
509,13,0
509,14,0
509,15,0
509,16,0
509,17,0
509,18,0
509,19,0
510,0,0
510,1,0
510,2,0
510,3,0
510,4,1
510,5,1
510,6,0
510,7,1
510,8,1
510,9,0
510,10,0
510,11,1
510,12,0
510,13,1
510,14,0
510,15,1
510,16,0
510,17,0
510,18,0
510,19,0
511,0,0
511,1,0
511,2,0
511,3,0
511,4,1
511,5,1
511,6,0
511,7,0
511,8,1
511,9,0
511,10,0
511,11,1
511,12,0
511,13,1
511,14,0
511,15,1
511,16,0
511,17,0
511,18,0
511,19,0
512,0,1
512,1,1
512,2,1
512,3,1
512,4,1
512,5,1
512,6,1
512,7,1
512,8,0
512,9,1
512,10,1
512,11,1
512,12,0
512,13,1
512,14,1
512,15,1
512,16,0
512,17,0
512,18,0
512,19,1
513,0,0
513,1,0
513,2,0
513,3,0
513,4,0
513,5,1
513,6,0
513,7,1
513,8,1
513,9,0
513,10,0
513,11,1
513,12,0
513,13,1
513,14,0
513,15,1
513,16,0
513,17,0
513,18,0
513,19,0
514,0,0
514,1,0
514,2,0
514,3,0
514,4,0
514,5,1
514,6,0
514,7,1
514,8,0
514,9,0
514,10,0
514,11,1
514,12,0
514,13,1
514,14,0
514,15,1
514,16,0
514,17,0
514,18,0
514,19,0
515,0,0
515,1,0
515,2,0
515,3,0
515,4,1
515,5,1
515,6,0
515,7,1
515,8,0
515,9,0
515,10,0
515,11,1
515,12,0
515,13,1
515,14,0
515,15,1
515,16,0
515,17,0
515,18,0
515,19,0
516,0,0
516,1,0
516,2,0
516,3,0
516,4,1
516,5,1
516,6,0
516,7,1
516,8,0
516,9,0
516,10,0
516,11,0
516,12,0
516,13,0
516,14,0
516,15,0
516,16,0
516,17,0
516,18,0
516,19,0
517,0,1
517,1,1
517,2,1
517,3,1
517,4,0
517,5,1
517,6,0
517,7,1
517,8,1
517,9,0
517,10,1
517,11,1
517,12,0
517,13,1
517,14,0
517,15,1
517,16,0
517,17,0
517,18,0
517,19,0
518,0,0
518,1,0
518,2,0
518,3,1
518,4,0
518,5,0
518,6,0
518,7,0
518,8,0
518,9,0
518,10,0
518,11,0
518,12,0
518,13,0
518,14,0
518,15,0
518,16,0
518,17,0
518,18,0
518,19,0
519,0,1
519,1,1
519,2,1
519,3,1
519,4,1
519,5,1
519,6,1
519,7,1
519,8,1
519,9,1
519,10,1
519,11,1
519,12,0
519,13,1
519,14,0
519,15,1
519,16,0
519,17,1
519,18,0
519,19,0
520,0,0
520,1,0
520,2,0
520,3,0
520,4,0
520,5,0
520,6,0
520,7,0
520,8,0
520,9,0
520,10,1
520,11,1
520,12,0
520,13,0
520,14,0
520,15,0
520,16,0
520,17,0
520,18,0
520,19,0
521,0,0
521,1,0
521,2,0
521,3,0
521,4,0
521,5,1
521,6,0
521,7,0
521,8,0
521,9,0
521,10,0
521,11,0
521,12,0
521,13,0
521,14,0
521,15,0
521,16,0
521,17,0
521,18,0
521,19,0
522,0,0
522,1,0
522,2,0
522,3,0
522,4,0
522,5,0
522,6,0
522,7,0
522,8,0
522,9,0
522,10,0
522,11,0
522,12,0
522,13,0
522,14,0
522,15,1
522,16,0
522,17,0
522,18,0
522,19,0
523,0,0
523,1,0
523,2,0
523,3,1
523,4,0
523,5,0
523,6,0
523,7,1
523,8,0
523,9,0
523,10,0
523,11,0
523,12,0
523,13,0
523,14,0
523,15,0
523,16,0
523,17,0
523,18,0
523,19,0
524,0,0
524,1,0
524,2,0
524,3,0
524,4,0
524,5,0
524,6,0
524,7,0
524,8,0
524,9,0
524,10,1
524,11,0
524,12,0
524,13,0
524,14,0
524,15,0
524,16,0
524,17,0
524,18,0
524,19,0
525,0,0
525,1,0
525,2,0
525,3,0
525,4,0
525,5,1
525,6,0
525,7,0
525,8,0
525,9,0
525,10,0
525,11,0
525,12,0
525,13,0
525,14,0
525,15,0
525,16,0
525,17,0
525,18,0
525,19,0
526,0,1
526,1,1
526,2,1
526,3,1
526,4,0
526,5,1
526,6,0
526,7,1
526,8,1
526,9,0
526,10,0
526,11,1
526,12,0
526,13,1
526,14,1
526,15,1
526,16,0
526,17,0
526,18,0
526,19,0
527,0,1
527,1,1
527,2,1
527,3,1
527,4,0
527,5,1
527,6,0
527,7,1
527,8,1
527,9,0
527,10,0
527,11,1
527,12,0
527,13,1
527,14,1
527,15,1
527,16,0
527,17,0
527,18,0
527,19,0
528,0,0
528,1,0
528,2,0
528,3,0
528,4,0
528,5,0
528,6,0
528,7,0
528,8,0
528,9,0
528,10,0
528,11,0
528,12,0
528,13,1
528,14,0
528,15,0
528,16,0
528,17,0
528,18,0
528,19,0
529,0,0
529,1,0
529,2,0
529,3,0
529,4,0
529,5,0
529,6,0
529,7,0
529,8,0
529,9,0
529,10,0
529,11,0
529,12,0
529,13,0
529,14,1
529,15,0
529,16,0
529,17,0
529,18,0
529,19,0
530,0,0
530,1,0
530,2,0
530,3,0
530,4,0
530,5,0
530,6,0
530,7,1
530,8,0
530,9,0
530,10,1
530,11,0
530,12,0
530,13,0
530,14,0
530,15,0
530,16,0
530,17,0
530,18,0
530,19,0
531,0,0
531,1,0
531,2,0
531,3,0
531,4,0
531,5,0
531,6,0
531,7,0
531,8,0
531,9,0
531,10,0
531,11,0
531,12,0
531,13,0
531,14,0
531,15,0
531,16,0
531,17,0
531,18,0
531,19,0
532,0,1
532,1,1
532,2,1
532,3,1
532,4,1
532,5,1
532,6,1
532,7,1
532,8,0
532,9,1
532,10,1
532,11,1
532,12,1
532,13,1
532,14,0
532,15,1
532,16,1
532,17,1
532,18,0
532,19,0
533,0,0
533,1,0
533,2,0
533,3,0
533,4,0
533,5,0
533,6,0
533,7,0
533,8,0
533,9,0
533,10,0
533,11,0
533,12,0
533,13,0
533,14,0
533,15,0
533,16,0
533,17,0
533,18,0
533,19,0
534,0,1
534,1,1
534,2,1
534,3,1
534,4,0
534,5,1
534,6,1
534,7,1
534,8,1
534,9,1
534,10,1
534,11,1
534,12,1
534,13,1
534,14,1
534,15,1
534,16,0
534,17,1
534,18,0
534,19,0
535,0,1
535,1,1
535,2,1
535,3,1
535,4,1
535,5,1
535,6,0
535,7,1
535,8,0
535,9,0
535,10,0
535,11,1
535,12,0
535,13,1
535,14,1
535,15,1
535,16,0
535,17,0
535,18,0
535,19,0
